,primary_artist,title,tags,lyrics
23566,Adele,One and Only,"['Soul', 'Pop', 'R&B', 'Rock']","['youve', 'mind', 'grow', 'fonder', 'every', 'day', 'lose', 'time', 'thinking', 'face', 'god', 'know', 'taken', 'long', 'let', 'doubt', 'youre', 'one', 'want', 'dont', 'know', 'scared', 'ive', 'every', 'feeling', 'every', 'word', 'ive', 'imagined', 'youll', 'never', 'know', 'never', 'try', 'forget', 'past', 'simply', 'mine', 'dare', 'let', 'one', 'promise', 'worthy', 'hold', 'arm', 'come', 'give', 'chance', 'prove', 'one', 'walk', 'mile', 'end', 'start', 'mind', 'hang', 'every', 'word', 'say', 'lose', 'time', 'mention', 'name', 'ever', 'know', 'feel', 'hold', 'close', 'tell', 'whichever', 'road', 'choose', 'youll', 'dont', 'know', 'scared', 'cause', 'ive', 'every', 'feeling', 'every', 'word', 'ive', 'imagined', 'youll', 'never', 'know', 'never', 'try', 'forget', 'past', 'simply', 'mine', 'dare', 'let', 'one', 'promise', 'worthy', 'mmm', 'hold', 'arm', 'come', 'give', 'chance', 'prove', 'one', 'walk', 'mile', 'end', 'start', 'know', 'aint', 'easy', 'giving', 'heart', 'know', 'aint', 'easy', 'giving', 'heart', 'know', 'aint', 'easy', 'giving', 'heart', 'know', 'aint', 'easy', 'giving', 'heart', 'know', 'aint', 'easy', 'giving', 'heart', 'know', 'aint', 'easy', 'giving', 'heart', 'dare', 'let', 'one', 'promise', 'worthy', 'hold', 'arm', 'come', 'give', 'chance', 'prove', 'one', 'walk', 'mile', 'end', 'start', 'come', 'give', 'chance', 'prove', 'one', 'walk', 'mile', 'end', 'start']"
23570,Adele,Don’t You Remember,"['Pop', 'R&B', 'Rock']","['see', 'left', 'goodbye', 'single', 'word', 'wa', 'said', 'final', 'kiss', 'seal', 'seam', 'idea', 'state', 'know', 'fickle', 'heart', 'bitterness', 'wandering', 'eye', 'heaviness', 'head', 'dont', 'remember', 'dont', 'remember', 'reason', 'loved', 'baby', 'please', 'remember', 'wa', 'last', 'time', 'thought', 'completely', 'erased', 'memory', 'often', 'think', 'went', 'wrong', 'le', 'know', 'know', 'fickle', 'heart', 'bitterness', 'wandering', 'eye', 'heaviness', 'head', 'dont', 'remember', 'dont', 'remember', 'reason', 'loved', 'baby', 'please', 'remember', 'gave', 'space', 'could', 'breathe', 'kept', 'distance', 'would', 'free', 'hope', 'find', 'missing', 'piece', 'bring', 'back', 'dont', 'remember', 'dont', 'remember', 'reason', 'loved', 'baby', 'please', 'remember', 'see']"
23576,Adele,He Won’t Go,"['Pop', 'R&B', 'Rock']","['say', 'ill', 'better', 'without', 'dont', 'know', 'like', 'least', 'side', 'thought', 'knew', 'cant', 'bear', 'time', 'drag', 'lose', 'mind', 'reminded', 'thing', 'find', 'like', 'note', 'clothes', 'left', 'behind', 'wake', 'wake', 'done', 'wont', 'rise', 'battle', 'dignity', 'become', 'undone', 'wont', 'cant', 'aint', 'love', 'willing', 'take', 'risk', 'wont', 'cant', 'aint', 'love', 'willing', 'take', 'risk', 'petrified', 'scared', 'step', 'ride', 'lose', 'heart', 'fail', 'climb', 'wont', 'forgive', 'give', 'trying', 'heard', 'voice', 'today', 'didnt', 'know', 'single', 'word', 'said', 'one', 'resemblance', 'man', 'met', 'vague', 'broken', 'boy', 'instead', 'wont', 'cant', 'aint', 'love', 'willing', 'take', 'risk', 'wont', 'cant', 'aint', 'love', 'willing', 'take', 'risk', 'time', 'well', 'try', 'give', 'bursting', 'seam', 'doubt', 'well', 'almost', 'fall', 'apart', 'burn', 'piece', 'watch', 'turn', 'dust', 'nothing', 'ever', 'taint', 'wont', 'cant', 'aint', 'love', 'willing', 'take', 'risk', 'wont', 'cant', 'aint', 'love', 'willing', 'take', 'risk', 'still', 'remember', 'still', 'love', 'even', 'free', 'back', 'place', 'choose', 'poison', 'spoke', 'yesterday', 'said', 'hold', 'breath', 'sit', 'wait', 'ill', 'home', 'soon', 'wont', 'late', 'wont', 'cant', 'aint', 'love', 'hes', 'willing', 'take', 'risk', 'wont', 'cant', 'aint', 'love', 'willing', 'take', 'risk', 'cause', 'wont', 'cant', 'aint', 'love', 'willing', 'take', 'risk', 'wont', 'cant', 'aint', 'love', 'willing', 'take', 'risk']"
23623,Adele,I Found a Boy,"['Soul', 'Pop', 'Rock']","['thought', 'told', 'hed', 'home', 'soon', 'couldnt', 'help', 'youre', 'good', 'true', 'fall', 'short', 'time', 'every', 'time', 'aint', 'charm', 'creep', 'closer', 'closer', 'near', 'like', 'fool', 'fire', 'fall', 'pride', 'like', 'bomb', 'explosion', 'ticking', 'call', 'youre', 'wiser', 'one', 'disguised', 'greed', 'child', 'longs', 'knee', 'found', 'boy', 'love', 'ever', 'stand', 'beside', 'river', 'cried', 'lay', 'look', 'want', 'dont', 'need', 'thought', 'crumble', 'knee', 'first', 'sight', 'crawling', 'back', 'whisper', 'leave', 'man', 'cause', 'swear', 'time', 'stand', 'wont', 'stand', 'cause', 'found', 'boy', 'love', 'ever', 'stand', 'beside', 'river', 'cried', 'lay', 'look', 'want', 'dont', 'need', 'aint', 'taking', 'must', 'mistaken', 'could', 'never', 'look', 'eye', 'settle', 'wrong', 'ignore', 'right', 'found', 'boy', 'love', 'ever', 'stand', 'beside', 'river', 'cried', 'lay', 'look', 'want', 'dont', 'need']"
24727,Adele,When We Were Young,"['Piano', 'Ballad', 'Soul', 'UK', 'Pop']","['everybody', 'love', 'thing', 'way', 'talk', 'way', 'move', 'everybody', 'watching', 'cause', 'feel', 'like', 'home', 'youre', 'like', 'dream', 'come', 'true', 'chance', 'youre', 'alone', 'moment', 'cause', 'ive', 'night', 'long', 'hoping', 'youre', 'someone', 'used', 'know', 'look', 'like', 'movie', 'sound', 'like', 'song', 'god', 'reminds', 'young', 'let', 'photograph', 'light', 'case', 'last', 'time', 'might', 'exactly', 'like', 'realised', 'sad', 'getting', 'old', 'made', 'restless', 'wa', 'like', 'movie', 'wa', 'like', 'song', 'wa', 'scared', 'face', 'fear', 'nobody', 'told', 'youd', 'swear', 'youd', 'moved', 'overseas', 'thats', 'said', 'left', 'still', 'look', 'like', 'movie', 'still', 'sound', 'like', 'song', 'god', 'reminds', 'young', 'let', 'photograph', 'light', 'case', 'last', 'time', 'might', 'exactly', 'like', 'realised', 'sad', 'getting', 'old', 'made', 'restless', 'wa', 'like', 'movie', 'wa', 'like', 'song', 'hard', 'admit', 'everything', 'take', 'back', 'part', 'keep', 'holding', 'case', 'hasnt', 'gone', 'cause', 'still', 'care', 'still', 'care', 'wa', 'like', 'movie', 'wa', 'like', 'song', 'god', 'reminds', 'young', 'let', 'photograph', 'light', 'case', 'last', 'time', 'might', 'exactly', 'like', 'realised', 'sad', 'getting', 'old', 'made', 'restless', 'mad', 'getting', 'old', 'make', 'reckless', 'wa', 'like', 'movie', 'wa', 'like', 'song', 'young']"
24728,Adele,All I Ask,"['UK', 'Pop']","['leave', 'heart', 'door', 'wont', 'say', 'word', 'theyve', 'said', 'know', 'dont', 'play', 'pretend', 'like', 'scared', 'coming', 'next', 'scared', 'nothing', 'left', 'look', 'dont', 'get', 'wrong', 'know', 'tomorrow', 'ask', 'last', 'night', 'hold', 'like', 'friend', 'give', 'memory', 'use', 'take', 'hand', 'lover', 'matter', 'end', 'cause', 'never', 'love', 'dont', 'need', 'honesty', 'already', 'eye', 'sure', 'eye', 'speak', 'one', 'know', 'like', 'since', 'youre', 'one', 'mattered', 'tell', 'run', 'look', 'dont', 'get', 'wrong', 'know', 'tomorrow', 'ask', 'last', 'night', 'hold', 'like', 'friend', 'give', 'memory', 'use', 'take', 'hand', 'lover', 'matter', 'end', 'cause', 'never', 'love', 'let', 'lesson', 'love', 'let', 'way', 'remember', 'dont', 'want', 'cruel', 'vicious', 'aint', 'asking', 'forgiveness', 'ask', 'last', 'night', 'hold', 'like', 'friend', 'give', 'memory', 'use', 'take', 'hand', 'lover', 'matter', 'end', 'cause', 'never', 'love']"
24729,Adele,Set Fire to the Rain,"['Ballad', 'Rock', 'Soul', 'UK', 'Pop']","['let', 'fall', 'heart', 'fell', 'rose', 'claim', 'wa', 'dark', 'wa', 'kissed', 'lip', 'saved', 'hand', 'strong', 'knee', 'far', 'weak', 'stand', 'arm', 'without', 'falling', 'foot', 'side', 'never', 'knew', 'never', 'knew', 'thing', 'youd', 'say', 'never', 'true', 'never', 'true', 'game', 'youd', 'play', 'would', 'always', 'win', 'always', 'win', 'set', 'fire', 'rain', 'watched', 'pour', 'touched', 'face', 'well', 'burned', 'cried', 'cause', 'heard', 'screaming', 'name', 'name', 'lay', 'could', 'stay', 'close', 'eye', 'feel', 'forever', 'together', 'nothing', 'better', 'cause', 'side', 'never', 'knew', 'never', 'knew', 'thing', 'youd', 'say', 'never', 'true', 'never', 'true', 'game', 'youd', 'play', 'would', 'always', 'win', 'always', 'win', 'set', 'fire', 'rain', 'watched', 'pour', 'touched', 'face', 'well', 'burned', 'cried', 'cause', 'heard', 'screaming', 'name', 'name', 'set', 'fire', 'rain', 'threw', 'flame', 'fell', 'something', 'died', 'cause', 'knew', 'wa', 'last', 'time', 'last', 'time', 'sometimes', 'wake', 'door', 'heart', 'caught', 'must', 'waiting', 'even', 'already', 'cant', 'help', 'looking', 'set', 'fire', 'rain', 'watched', 'pour', 'touched', 'face', 'well', 'burned', 'cried', 'cause', 'heard', 'screaming', 'name', 'name', 'set', 'fire', 'rain', 'threw', 'flame', 'fell', 'something', 'died', 'cause', 'knew', 'wa', 'last', 'time', 'last', 'time', 'let', 'burn', 'let', 'burn', 'let', 'burn']"
24730,Adele,Million Years Ago,"['Acoustic', 'Ballad', 'UK', 'Pop']","['wanted', 'fun', 'learning', 'fly', 'learning', 'run', 'let', 'heart', 'decide', 'way', 'wa', 'young', 'deep', 'must', 'always', 'known', 'would', 'inevitable', 'earn', 'stripe', 'pay', 'bare', 'soul', 'know', 'one', 'regret', 'thing', 'theyve', 'done', 'sometimes', 'feel', 'cant', 'stand', 'reflection', 'see', 'wish', 'could', 'live', 'little', 'look', 'sky', 'floor', 'feel', 'like', 'life', 'flashing', 'watch', 'cry', 'miss', 'air', 'miss', 'friend', 'miss', 'mother', 'miss', 'life', 'wa', 'party', 'thrown', 'wa', 'million', 'year', 'ago', 'walk', 'around', 'street', 'grew', 'found', 'foot', 'cant', 'look', 'eye', 'like', 'theyre', 'scared', 'try', 'think', 'thing', 'say', 'like', 'joke', 'memory', 'dont', 'recognize', 'light', 'day', 'know', 'one', 'regret', 'thing', 'theyve', 'done', 'sometimes', 'feel', 'never', 'became', 'thought', 'theyd', 'wish', 'could', 'live', 'little', 'look', 'sky', 'floor', 'feel', 'like', 'life', 'flashing', 'watch', 'cry', 'miss', 'air', 'miss', 'friend', 'miss', 'mother', 'miss', 'life', 'wa', 'party', 'thrown', 'wa', 'million', 'year', 'ago', 'million', 'year', 'ago']"
24732,Adele,I Miss You,"['UK', 'Pop']","['want', 'every', 'single', 'piece', 'want', 'heaven', 'ocean', 'treat', 'soft', 'touch', 'cruel', 'wan', 'teach', 'thing', 'never', 'knew', 'baby', 'bring', 'floor', 'knee', 'let', 'fall', 'gravity', 'kiss', 'back', 'life', 'see', 'body', 'standing', 'baby', 'dont', 'let', 'light', 'baby', 'dont', 'let', 'light', 'baby', 'dont', 'let', 'light', 'lights', 'light', 'lights', 'light', 'miss', 'light', 'illuminates', 'doubt', 'pull', 'hold', 'tight', 'dont', 'let', 'baby', 'give', 'light', 'miss', 'light', 'illuminates', 'doubt', 'pull', 'hold', 'tight', 'dont', 'let', 'baby', 'give', 'light', 'love', 'way', 'body', 'move', 'towards', 'across', 'room', 'brushing', 'past', 'every', 'groove', 'one', 'ha', 'like', 'baby', 'bring', 'heart', 'ill', 'bring', 'soul', 'delicate', 'ego', 'wan', 'step', 'great', 'unknown', 'setting', 'tone', 'baby', 'dont', 'let', 'light', 'baby', 'dont', 'let', 'light', 'baby', 'dont', 'let', 'light', 'lights', 'light', 'lights', 'light', 'miss', 'light', 'illuminates', 'doubt', 'pull', 'hold', 'tight', 'dont', 'let', 'baby', 'give', 'light', 'miss', 'light', 'illuminates', 'doubt', 'pull', 'hold', 'tight', 'dont', 'let', 'baby', 'give', 'light', 'play', 'dirty', 'dark', 'cause', 'living', 'world', 'apart', 'make', 'harder', 'baby', 'make', 'harder', 'baby', 'harder', 'baby', 'harder', 'baby', 'miss', 'light', 'illuminates', 'doubt', 'pull', 'hold', 'tight', 'dont', 'let', 'baby', 'give', 'light', 'miss', 'light', 'illuminates', 'doubt', 'pull', 'hold', 'tight', 'dont', 'let', 'baby', 'give', 'light', 'miss', 'miss', 'miss', 'miss', 'miss', 'miss', 'miss', 'miss']"
24733,Adele,Remedy,"['UK', 'Pop']","['remember', 'thing', 'thought', 'wanted', 'desperate', 'find', 'way', 'world', 'finally', 'breathe', 'right', 'eye', 'saw', 'heart', 'came', 'life', 'aint', 'easy', 'meant', 'every', 'story', 'ha', 'scar', 'pain', 'cut', 'deep', 'night', 'keep', 'sleeping', 'look', 'see', 'remedy', 'world', 'seems', 'cruel', 'heart', 'make', 'feel', 'like', 'fool', 'promise', 'see', 'remedy', 'river', 'wide', 'deep', 'swim', 'come', 'whatever', 'ill', 'shelter', 'wont', 'let', 'rain', 'come', 'love', 'truth', 'always', 'love', 'love', 'pain', 'cut', 'deep', 'night', 'keep', 'sleeping', 'look', 'see', 'remedy', 'world', 'seems', 'cruel', 'heart', 'make', 'feel', 'like', 'fool', 'promise', 'see', 'remedy', 'ohhh', 'ohhh', 'pain', 'cut', 'deep', 'night', 'keep', 'sleeping', 'look', 'see', 'world', 'seems', 'cruel', 'heart', 'make', 'feel', 'like', 'fool', 'promise', 'see', 'remedy', 'ohhh', 'ohhh']"
24734,Adele,Love In The Dark,"['UK', 'Pop']","['take', 'eye', 'leave', 'far', 'ashamed', 'watching', 'never', 'ending', 'cant', 'stay', 'time', 'cause', 'dont', 'love', 'anymore', 'please', 'stay', 'dont', 'come', 'closer', 'dont', 'try', 'change', 'mind', 'cruel', 'kind', 'cant', 'love', 'dark', 'feel', 'like', 'ocean', 'apart', 'much', 'space', 'baby', 'already', 'defeated', 'ahyeahyeahyeahyeahyeahyeahyeah', 'everything', 'changed', 'given', 'something', 'cant', 'live', 'without', 'mustnt', 'underestimate', 'doubt', 'dont', 'want', 'carry', 'like', 'everything', 'fine', 'longer', 'ignore', 'fight', 'please', 'dont', 'fall', 'apart', 'cant', 'face', 'breaking', 'heart', 'trying', 'brave', 'stop', 'asking', 'stay', 'cant', 'love', 'dark', 'feel', 'like', 'ocean', 'apart', 'much', 'space', 'baby', 'already', 'defeated', 'ahyeahyeahyeahyeahyeahyeahyeah', 'everything', 'changed', 'one', 'dont', 'regret', 'thing', 'every', 'word', 'ive', 'said', 'know', 'ill', 'always', 'mean', 'world', 'life', 'want', 'live', 'survive', 'thats', 'cant', 'love', 'dark', 'feel', 'like', 'ocean', 'apart', 'much', 'space', 'baby', 'already', 'defeated', 'cause', 'ahyeahyeahyeahyeahyeah', 'everything', 'changed', 'iiiii', 'dont', 'think', 'save']"
24735,Adele,Turning Tables,"['Soul', 'Piano', 'Ballad', 'Pop', 'R&B']","['close', 'enough', 'start', 'war', 'floor', 'god', 'know', 'fighting', 'say', 'always', 'say', 'cant', 'keep', 'turning', 'table', 'thumb', 'cant', 'breathe', 'wont', 'let', 'close', 'enough', 'hurt', 'wont', 'rescue', 'desert', 'cant', 'give', 'heart', 'think', 'gave', 'time', 'say', 'goodbye', 'turning', 'table', 'turning', 'table', 'haunted', 'sky', 'see', 'ooh', 'love', 'lost', 'ghost', 'found', 'braved', 'hundred', 'storm', 'leave', 'hard', 'try', 'never', 'knocked', 'cant', 'keep', 'turning', 'table', 'thumb', 'cant', 'breathe', 'wont', 'let', 'close', 'enough', 'hurt', 'wont', 'rescue', 'desert', 'cant', 'give', 'heart', 'think', 'gave', 'time', 'say', 'goodbye', 'turning', 'table', 'turning', 'table', 'next', 'time', 'ill', 'braver', 'ill', 'savior', 'thunder', 'call', 'next', 'time', 'ill', 'braver', 'ill', 'savior', 'standing', 'two', 'foot', 'wont', 'let', 'close', 'enough', 'hurt', 'wont', 'rescue', 'desert', 'cant', 'give', 'heart', 'think', 'gave', 'time', 'say', 'goodbye', 'turning', 'table', 'turning', 'table', 'turning', 'table', 'yeah', 'turn', 'nooh']"
24736,Adele,River Lea,"['UK', 'Pop']","['everybody', 'tell', 'bout', 'time', 'moved', 'need', 'learn', 'lighten', 'learn', 'young', 'heart', 'valley', 'shallow', 'manmade', 'scared', 'death', 'let', 'youll', 'see', 'fake', 'sometimes', 'feel', 'lonely', 'arm', 'touch', 'know', 'thats', 'cause', 'nothing', 'ever', 'enough', 'wa', 'child', 'grew', 'river', 'lea', 'wa', 'something', 'water', 'somethings', 'cant', 'back', 'reed', 'growing', 'fingertip', 'cant', 'back', 'river', 'root', 'vein', 'blood', 'stain', 'every', 'heart', 'use', 'heal', 'pain', 'root', 'vein', 'blood', 'stain', 'every', 'heart', 'use', 'heal', 'pain', 'blame', 'river', 'lea', 'river', 'lea', 'river', 'lea', 'yeah', 'blame', 'river', 'lea', 'river', 'lea', 'river', 'lea', 'probably', 'tell', 'way', 'late', 'never', 'meant', 'hurt', 'lie', 'straight', 'face', 'consider', 'apology', 'know', 'year', 'advance', 'would', 'rather', 'say', 'case', 'never', 'get', 'chance', 'cant', 'back', 'reed', 'growing', 'fingertip', 'cant', 'back', 'river', 'root', 'vein', 'blood', 'stain', 'every', 'heart', 'use', 'heal', 'pain', 'root', 'vein', 'blood', 'stain', 'every', 'heart', 'use', 'heal', 'pain', 'blame', 'river', 'lea', 'river', 'lea', 'river', 'lea', 'yeah', 'blame', 'river', 'lea', 'river', 'lea', 'river', 'lea', 'blame', 'river', 'lea', 'river', 'lea', 'river', 'lea', 'yeah', 'blame', 'river', 'lea', 'river', 'lea', 'river', 'lea', 'river', 'lea', 'river', 'lea', 'river', 'lea', 'river', 'leaeaea', 'river', 'leaeaea', 'river', 'leaeaea']"
24737,Adele,Hometown Glory,"['Soundtrack', 'Ballad', 'Piano', 'UK', 'Soul', 'Pop', 'Rock']","['ive', 'walking', 'way', 'missing', 'crack', 'pavement', 'tutting', 'heel', 'strutting', 'foot', 'anything', 'dear', 'anyone', 'could', 'call', 'thank', 'please', 'madame', 'aint', 'lost', 'wandering', 'round', 'hometown', 'memories', 'fresh', 'round', 'hometown', 'ooh', 'people', 'ive', 'met', 'wonder', 'world', 'wonder', 'world', 'wonder', 'world', 'wonder', 'like', 'city', 'air', 'thick', 'opaque', 'love', 'see', 'everybody', 'short', 'skirt', 'short', 'shade', 'like', 'city', 'two', 'world', 'collide', 'get', 'people', 'government', 'everybody', 'taking', 'different', 'side', 'shows', 'aint', 'gon', 'stand', 'shit', 'shows', 'united', 'shows', 'aint', 'gon', 'take', 'shows', 'aint', 'gon', 'stand', 'shit', 'shows', 'united', 'round', 'hometown', 'memories', 'fresh', 'round', 'hometown', 'ooh', 'people', 'ive', 'met', 'yeah', 'doodadadadadadadadah', 'yeah', 'doodadadadadadadadah', 'yeah', 'doodoodoodoo', 'oohooh', 'yeah', 'yeah', 'yeahey', 'wonder', 'world', 'wonder', 'world', 'wonder', 'world', 'wonder', 'world', 'world', 'yeah', 'world', 'world', 'yeah']"
24738,Adele,Sweetest Devotion,"['UK', 'Pop']","['loving', 'aint', 'nothing', 'cant', 'adore', 'way', 'running', 'honey', 'means', 'break', 'every', 'law', 'find', 'funny', 'youre', 'one', 'never', 'looked', 'something', 'loving', 'tear', 'wall', 'wasnt', 'ready', 'ready', 'heading', 'straight', 'eternally', 'one', 'belong', 'sweetest', 'devotion', 'hit', 'like', 'explosion', 'life', 'ive', 'frozen', 'sweetest', 'devotion', 'know', 'ill', 'forever', 'whatever', 'want', 'ill', 'clarity', 'wonder', 'gon', 'lose', 'way', 'home', 'remember', 'come', 'whatever', 'ill', 'along', 'wasnt', 'ready', 'ready', 'heading', 'straight', 'eternally', 'one', 'belong', 'sweetest', 'devotion', 'hit', 'like', 'explosion', 'life', 'ive', 'frozen', 'sweetest', 'devotion', 'know', 'ive', 'looking', 'baby', 'every', 'face', 'ive', 'ever', 'known', 'something', 'bout', 'way', 'love', 'finally', 'feel', 'like', 'home', 'youre', 'light', 'youre', 'darkness', 'youre', 'right', 'kind', 'madness', 'youre', 'hope', 'youre', 'despair', 'youre', 'scope', 'everything', 'everywhere', 'sweetest', 'devotion', 'hit', 'like', 'explosion', 'life', 'ive', 'frozen', 'sweetest', 'devotion', 'know', 'sweetest', 'sweetest', 'sweetest', 'sweetest', 'sweetest', 'sweetest', 'sweetest', 'sweetest', 'devotion']"
24739,Adele,Can’t Let Go,['Pop'],"['wrong', 'never', 'know', 'loved', 'life', 'slow', 'round', 'around', 'thinking', 'time', 'gave', 'heaven', 'platter', 'baby', 'gave', 'everything', 'never', 'gave', 'never', 'lied', 'never', 'faked', 'wanted', 'save', 'love', 'aint', 'yet', 'theres', 'much', 'havent', 'said', 'find', 'note', 'wrote', 'hid', 'seam', 'coat', 'wa', 'hard', 'write', 'lump', 'throat', 'even', 'know', 'cant', 'let', 'cold', 'let', 'truth', 'told', 'tell', 'wa', 'thrill', 'wa', 'thinking', 'gave', 'everything', 'still', 'went', 'kill', 'gave', 'heaven', 'platter', 'baby', 'gave', 'everything', 'never', 'gave', 'never', 'lied', 'never', 'faked', 'wanted', 'save', 'find', 'note', 'wrote', 'hid', 'seam', 'coat', 'wa', 'hard', 'write', 'lump', 'throat', 'even', 'know', 'cant', 'let', 'oooh', 'sometimes', 'feel', 'like', 'dark', 'oooh', 'thought', 'die', 'arm', 'find', 'note', 'wrote', 'hid', 'seam', 'coat', 'wa', 'hard', 'write', 'lump', 'throat', 'even', 'know', 'cant', 'let', 'hope', 'know', 'wont', 'let']"
24740,Adele,Daydreamer,"['UK', 'Soul', 'Pop', 'Rock']","['daydreamer', 'sitting', 'sea', 'soaking', 'sun', 'real', 'lover', 'making', 'past', 'feeling', 'girl', 'like', 'never', 'felt', 'figure', 'jaw', 'dropper', 'looks', 'good', 'walk', 'subject', 'talk', 'would', 'hard', 'chase', 'good', 'catch', 'could', 'change', 'world', 'hand', 'behind', 'back', 'find', 'sitting', 'doorstep', 'waiting', 'surprise', 'feel', 'like', 'hour', 'tell', 'hell', 'life', 'daydreamer', 'eye', 'make', 'melt', 'lends', 'coat', 'shelter', 'plus', 'shouldnt', 'stay', 'waits', 'see', 'theres', 'way', 'could', 'describe', 'ive', 'said', 'hoping', 'find', 'sitting', 'doorstep', 'waiting', 'surprise', 'feel', 'like', 'hour', 'tell', 'hell', 'life', 'tell', 'hell', 'life']"
24741,Adele,Why Do You Love Me,['Pop'],"['love', 'love', 'love', 'love', 'love', 'love', 'love', 'love', 'love', 'love', 'love', 'love', 'love', 'love', 'love', 'must', 'something', 'water', 'cause', 'baby', 'deeper', 'knew', 'keep', 'coming', 'back', 'weve', 'cant', 'decide', 'run', 'hide', 'beyond', 'hand', 'love', 'drive', 'crazy', 'hard', 'understand', 'want', 'love', 'want', 'love', 'want', 'love', 'want', 'love', 'know', 'love', 'could', 'something', 'air', 'breathe', 'whatever', 'depend', 'doe', 'time', 'spend', 'every', 'single', 'moment', 'daydreaming', 'cant', 'describe', 'feel', 'feel', 'right', 'beyond', 'hand', 'love', 'drive', 'crazy', 'hard', 'understand', 'want', 'love', 'want', 'love', 'want', 'love', 'want', 'love', 'shot', 'dark', 'blew', 'away', 'left', 'mark', 'never', 'fade', 'youve', 'ignited', 'spark', 'let', 'fire', 'away', 'ready', 'ready', 'place', 'heart', 'always', 'peak', 'art', 'universe', 'every', 'piece', 'part', 'first', 'ready', 'ready', 'beyond', 'hand', 'love', 'drive', 'crazy', 'hard', 'understand', 'want', 'love', 'want', 'love', 'want', 'love', 'want', 'beyond', 'hand', 'love', 'drive', 'crazy', 'hard', 'understand', 'want', 'love', 'want', 'love', 'want', 'love', 'want', 'love', 'love', 'love', 'love', 'love', 'love', 'love', 'love', 'love']"
24742,Adele,Melt My Heart to Stone,"['Pop-Rock', 'UK', 'Soul', 'Rock', 'Pop']","['right', 'foot', 'air', 'made', 'brick', 'pull', 'turn', 'weak', 'find', 'repeating', 'like', 'broken', 'tune', 'forever', 'excusing', 'intention', 'give', 'pretending', 'forgive', 'time', 'without', 'knowing', 'melt', 'heart', 'stone', 'hear', 'word', 'made', 'say', 'name', 'like', 'could', 'best', 'tidy', 'head', 'one', 'love', 'one', 'love', 'every', 'time', 'turn', 'around', 'leave', 'feel', 'heart', 'begin', 'burst', 'bleed', 'desperately', 'try', 'link', 'head', 'instead', 'fall', 'back', 'knee', 'tear', 'way', 'right', 'forgive', 'without', 'knowing', 'youve', 'burnt', 'heart', 'stone', 'hear', 'word', 'made', 'say', 'name', 'like', 'could', 'best', 'tidy', 'head', 'one', 'love', 'one', 'love', 'steal', 'hand', 'whenever', 'standing', 'ground', 'build', 'leave', 'well', 'hear', 'word', 'made', 'say', 'name', 'like', 'best', 'tidy', 'head', 'one', 'love', 'one', 'love']"
24743,Adele,Lay Me Down,['Pop'],"['would', 'never', 'lie', 'unless', 'tell', 'every', 'part', 'word', 'hold', 'hold', 'wont', 'let', 'dont', 'ever', 'say', 'love', 'open', 'heart', 'gon', 'standing', 'word', 'dont', 'come', 'right', 'youre', 'right', 'front', 'help', 'baby', 'wont', 'turn', 'light', 'lay', 'lay', 'lay', 'lay', 'lay', 'lay', 'would', 'never', 'break', 'rule', 'unless', 'tell', 'read', 'mind', 'truth', 'lie', 'lie', 'beside', 'wont', 'let', 'dont', 'ever', 'say', 'love', 'opened', 'heart', 'gon', 'standing', 'word', 'dont', 'come', 'right', 'youre', 'right', 'front', 'help', 'baby', 'wont', 'turn', 'light', 'lay', 'lay', 'lay', 'lay', 'lay', 'lay', 'lay', 'lay', 'lay', 'lay', 'words', 'dont', 'come', 'right', 'youre', 'right', 'front', 'help', 'baby', 'wont', 'turn', 'light', 'lay', 'lay', 'lay', 'lay', 'lay', 'lay']"
24744,Adele,Crazy for You,"['UK', 'Soul', 'Acoustic', 'Pop', 'Rock']","['found', 'today', 'singin', 'loud', 'name', 'said', 'crazy', 'crazy', 'sometimes', 'sittin', 'dark', 'wishin', 'turns', 'crazy', 'make', 'lose', 'head', 'every', 'time', 'meant', 'acting', 'sensible', 'drift', 'head', 'turn', 'crumblin', 'fool', 'tell', 'run', 'ill', 'race', 'want', 'stop', 'ill', 'freeze', 'want', 'gone', 'ill', 'leave', 'hold', 'closer', 'baby', 'make', 'crazy', 'crazy', 'lately', 'state', 'cant', 'help', 'spin', 'wish', 'youd', 'come', 'send', 'spinning', 'closer', 'blood', 'boil', 'sweet', 'taste', 'strips', 'bare', 'get', 'favourite', 'mood', 'keep', 'trying', 'fighting', 'feeling', 'away', 'crazier', 'turn', 'pacing', 'floor', 'opening', 'door', 'hoping', 'youll', 'walk', 'save', 'boy', 'crazy', 'crazy']"
24745,Adele,I’ll Be Waiting,"['Pop', 'R&B', 'Rock']","['hold', 'closer', 'one', 'time', 'say', 'love', 'last', 'goodbye', 'please', 'forgive', 'sin', 'yes', 'swam', 'dirty', 'water', 'pushed', 'ive', 'seen', 'face', 'every', 'sky', 'every', 'border', 'every', 'line', 'know', 'heart', 'greatest', 'time', 'mile', 'heaven', 'cried', 'know', 'left', 'speechless', 'sky', 'ha', 'cleared', 'blue', 'see', 'future', 'ill', 'waiting', 'youre', 'ready', 'love', 'ill', 'put', 'hand', 'ill', 'everything', 'different', 'ill', 'better', 'ill', 'waiting', 'youre', 'ready', 'love', 'ill', 'put', 'hand', 'ill', 'somebody', 'different', 'ill', 'better', 'let', 'stay', 'one', 'night', 'build', 'wall', 'around', 'pull', 'light', 'tell', 'wa', 'wrong', 'wa', 'child', 'willing', 'learn', 'time', 'mile', 'heaven', 'cried', 'know', 'left', 'speechless', 'sky', 'ha', 'cleared', 'blue', 'see', 'future', 'ill', 'waiting', 'youre', 'ready', 'love', 'ill', 'put', 'hand', 'ill', 'everything', 'different', 'ill', 'better', 'ill', 'waiting', 'youre', 'ready', 'love', 'ill', 'put', 'hand', 'ill', 'somebody', 'different', 'ill', 'better', 'time', 'mile', 'heavens', 'cried', 'know', 'left', 'speechless', 'time', 'mile', 'heavens', 'cried', 'know', 'left', 'speechless', 'know', 'left', 'speechless', 'ill', 'waiting', 'ill', 'waiting', 'youre', 'ready', 'love', 'ill', 'put', 'hand', 'ill', 'everything', 'different', 'ill', 'better', 'ill', 'waiting', 'youre', 'ready', 'love', 'ill', 'put', 'hand', 'ill', 'somebody', 'different', 'ill', 'better']"
24746,Adele,Best for Last,"['UK', 'Acoustic', 'Pop', 'Rock']","['wait', 'see', 'heart', 'sleeve', 'day', 'end', 'waitin', 'open', 'baby', 'come', 'trying', 'tell', 'like', 'hear', 'word', 'roll', 'mouth', 'finally', 'say', 'always', 'thats', 'made', 'feel', 'way', 'youve', 'never', 'felt', 'need', 'never', 'want', 'youd', 'say', 'right', 'thing', 'without', 'clue', 'youd', 'save', 'best', 'last', 'like', 'one', 'know', 'youre', 'temporary', 'fix', 'rooted', 'dont', 'mean', 'much', 'youre', 'filler', 'space', 'happened', 'free', 'dare', 'think', 'youd', 'get', 'away', 'tryin', 'play', 'every', 'time', 'think', 'ive', 'tried', 'hardest', 'turn', 'aint', 'enough', 'youre', 'still', 'mentioning', 'love', 'supposed', 'make', 'want', 'properly', 'takin', 'chance', 'getting', 'nowhere', 'though', 'trying', 'hardest', 'back', 'think', 'know', 'thing', 'may', 'never', 'change', 'still', 'hopin', 'one', 'day', 'might', 'hear', 'say', 'make', 'feel', 'way', 'youve', 'never', 'felt', 'need', 'never', 'want', 'youd', 'say', 'right', 'thing', 'without', 'clue', 'youd', 'save', 'best', 'last', 'like', 'one', 'know', 'youre', 'temporary', 'fix', 'rooted', 'dont', 'mean', 'much', 'youre', 'filler', 'space', 'happened', 'free', 'dare', 'think', 'youd', 'get', 'away', 'tryin', 'play', 'despite', 'truth', 'know', 'find', 'hard', 'let', 'give', 'seems', 'love', 'thing', 'like', 'meaner', 'treat', 'eager', 'persist', 'heartbreak', 'runnin', 'around', 'find', 'make', 'feel', 'way', 'youve', 'never', 'felt', 'need', 'never', 'want', 'youd', 'say', 'right', 'thing', 'without', 'clue', 'youll', 'one', 'one']"
24747,Adele,My Same,"['UK', 'Soul', 'Pop', 'R&B', 'Rock']","['aye', 'aye', 'ayeaye', 'aye', 'aye', 'ayeaye', 'aye', 'aye', 'ayeaye', 'aye', 'aye', 'ayeaye', 'said', 'stubborn', 'never', 'give', 'think', 'youre', 'stubborn', 'cept', 'youre', 'always', 'softening', 'say', 'selfish', 'agree', 'think', 'youre', 'giving', 'nothing', 'way', 'much', 'fact', 'say', 'weve', 'known', 'year', 'say', 'pfft', 'ive', 'known', 'longer', 'dear', 'like', 'close', 'like', 'alone', 'like', 'sit', 'chair', 'prefer', 'floor', 'walking', 'think', 'well', 'never', 'match', 'dododo', 'dododo', 'dodododo', 'thought', 'knew', 'somehow', 'know', 'ive', 'never', 'known', 'never', 'youre', 'first', 'make', 'whenever', 'argue', 'dont', 'know', 'didnt', 'know', 'youre', 'provocative', 'conservative', 'youre', 'adventurous', 'cautious', 'combining', 'youd', 'think', 'wouldnt', 'dododo', 'dododo', 'dodododo', 'aye', 'aye', 'ayeaye', 'aye', 'aye', 'ayeaye', 'youryour', 'youryour', 'favoritism', 'aint', 'thing', 'situation', 'ill', 'glad', 'favoritism', 'aint', 'thing', 'situation', 'ill', 'glad', 'make', 'exception', 'said', 'stubborn', 'never', 'give', 'think', 'youre', 'stubborn', 'cept', 'youre', 'always', 'softening', 'say', 'selfish', 'agree', 'think', 'youre', 'giving', 'nothing', 'way', 'much', 'fact', 'say', 'weve', 'known', 'year', 'say', 'pfft', 'ive', 'known', 'longer', 'dear', 'like', 'close', 'like', 'alone', 'like', 'sit', 'chair', 'prefer', 'floor', 'walking', 'think', 'well', 'never', 'match']"
