,primary_artist,title,tags,lyrics
2506,Alex-wiley,Navigator Truck,['Rap'],"['shit', 'ridiculous', 'chronicle', 'ridderick', 'money', 'safe', 'foreign', 'illiterate', 'skrrr', 'skrr', 'time', 'new', 'ghost', 'spaceship', 'livin', '2080', 'boy', 'thats', 'gang', 'shit', 'fame', 'shit', 'wiley', 'drop', 'flame', 'shit', 'cross', 'border', 'visa', 'main', 'bitch', 'take', 'couplet', 'spit', 'sing', 'angel', 'know', 'danger', 'see', 'pull', 'navigator', 'truck', 'never', 'gave', 'fuck', 'hit', 'blunt', 'cuz', 'rolling', 'big', 'blunts', 'dawg', 'wan', 'come', 'hit', 'telephone', 'know', 'hella', 'look', 'hella', 'gone', 'navigator', 'truck', 'never', 'gave', 'fuck', 'cant', 'hit', 'blunt', 'cuz', 'rolling', 'big', 'blunts', 'dawg', 'wan', 'come', 'hit', 'telephone', 'know', 'hella', 'look', 'hella', 'gone', 'like', 'feel', 'chevy', 'like', 'feel', 'ride', 'like', 'feel', 'mind', 'bitch', 'way', 'way', 'way', 'bitch', 'going', 'way', 'nigga', 'layup', 'nigga', 'get', 'weight', 'way', 'way', 'way', 'bitch', 'going', 'way', 'fuck', 'way', 'never', 'forgave', 'navigator', 'truck', 'never', 'gave', 'fuck', 'cant', 'hit', 'blunt', 'cuz', 'rolling', 'big', 'blunts', 'dawg', 'wan', 'come', 'hit', 'telephone', 'know', 'hella', 'look', 'hella', 'gone', 'navigator', 'truck', 'never', 'gave', 'fuck', 'cant', 'hit', 'blunt', 'cuz', 'rolling', 'big', 'blunts', 'dawg', 'wan', 'come', 'hit', 'telephone', 'let', 'shit', 'breathe', 'scooter', 'madonna', 'dinner', 'obamas', 'hit', 'hawaii', 'ohana', 'comma', 'comma', 'comma', 'keep', 'comma', 'dont', 'log', 'aint', 'never', 'sign', 'let', 'shit', 'resonate', 'need', 'girl', 'like', 'tessa', 'mae', 'added', 'page', 'resume', 'like', 'yesterday', 'project', 'look', 'like', 'science', 'fair', 'project', 'look', 'like', 'section', 'homies', 'hit', 'session', 'late', 'engineer', 'like', 'smh', 'let', 'shit', 'breathe', 'hesitate', 'dont', 'guesstimate', 'wan', 'mess', 'sittin', 'recipe', 'right', 'next', 'like', 'wait', 'need', 'situate', 'never', 'get', 'bitch', 'investigate', 'navigator', 'truck', 'never', 'gave', 'fuck', 'cant', 'hit', 'blunt', 'cuz', 'rolling', 'big', 'blunts', 'dawg', 'wan', 'come', 'hit', 'telephone', 'know', 'hella', 'look', 'ill', 'hella', 'gone', 'let', 'shit', 'breathe']"
2530,Alex-wiley,Spaceship,['Rap'],"['uhh', 'baby', 'blast', 'manager', 'insult', 'assaulting', 'fuck', 'manager', 'going', 'shorten', 'register', 'lets', 'back', 'back', 'gap', 'look', 'check', 'wasnt', 'scratch', 'stole', 'wasnt', 'fault', 'yea', 'stole', 'never', 'got', 'caught', 'yea', 'theyre', 'going', 'purpose', 'man', 'going', 'hater', 'lurking', 'know', 'talking', 'wishing', 'see', 'fail', 'end', 'day', 'got', 'god', 'side', 'fuck', 'would', 'believe', 'hell', 'know', 'talking', 'hate', 'aint', 'shit', 'devil', 'tell', 'motherfucker', 'get', 'get', 'whole', 'nother', 'motherfucking', 'level', 'ism', 'nasa', 'whole', 'world', 'want', 'know', 'crashed', 'jag', 'jag', 'asshole', 'asked', 'going', 'home', 'eye', 'hurt', 'throat', 'hurt', 'soul', 'hurt', 'whole', 'church', 'know', 'nigga', 'dirt', 'lil', 'college', 'dropout', 'blame', 'lil', 'jimmy', 'done', 'grown', 'slangin', 'tape', 'southside', 'west', 'south', 'southwest', 'doubt', 'prowess', 'guess', 'bout', 'fresh', 'goodness', 'gracious', 'visionary', 'chasing', 'chance', 'space', 'pronoun', 'car', 'spacious', 'spaceship', 'spaceship', 'like', 'igh', 'yea', 'always', 'keep', 'ism', 'magnificent', 'level', 'true', 'know', 'talking', 'come', 'find', 'three', 'type', 'people', 'world', 'theres', 'ask', 'happened', 'theres', 'saw', 'happen', 'made', 'happen', 'one', 'cathedralism']"
2552,Alex-wiley,Mo’ Purrp,['Rap'],"['got', 'ten', 'hoe', 'ten', 'hoe', 'throwed', 'indo', 'benzos', 'fishbowl', 'tint', 'window', 'gettin', 'chose', 'hoe', 'si', 'know', 'vogue', 'blunts', 'cant', 'get', 'bigger', 'hoodrat', 'shit', 'nigga', '44s', 'tippin', 'big', 'blunts', 'splittin', 'bitch', 'bitter', 'heard', 'spit', 'strippin', 'cause', 'village', 'shit', 'hittin', 'know', 'gon', 'grind', 'lovely', 'crib', 'lovely', 'bitch', 'hope', 'dont', 'mind', 'cause', 'ridin', 'round', 'dick', 'toyota', 'prius', 'tricked', 'grandmama', 'taking', 'shopping', 'shes', 'buying', 'whatever', 'picked', 'know', 'village', 'gon', 'stick', 'like', 'sore', 'thumb', 'bitch', 'goin', 'dumb', 'hotboxing', 'whip', 'aint', 'stoppin', 'shit', 'hear', 'fuck', 'know', 'whats', 'aint', 'money', 'team', 'honda', 'civics', 'parked', 'outside', 'fuck', 'whoopie', '100', 'hit', 'whoopie', 'bout', 'life', 'bout', 'life', 'thick', 'motherfuckin', 'snicker', 'wan', 'every', 'day', 'life', 'hoodrat', 'shit', 'nigga', 'get', 'sick', 'cough', 'hit', 'lick', 'dont', 'get', 'caught', 'kidnap', 'like', 'jigsaw', 'big', 'meech', 'bitch', 'rick', 'ross', 'got', 'odd', 'liquor', 'got', 'swisher', 'weed', 'thats', 'save', 'money', 'militia', 'till', 'nigga', 'rest', 'peace', 'hit', 'zan', 'thats', 'dance', 'thats', 'chance', 'rappin', 'rap', 'land', 'fam', 'man', 'super', 'slapped', 'throwing', 'band', 'stand', 'stans', 'fan', 'real', 'free', 'playing', 'trap', 'good', 'god', 'good', 'rap', 'gave', 'hoodrats', 'long', 'time', 'since', 'hey', 'macause', 'burned', 'good', 'shit', 'like', 'fuck', 'tahmbout', 'trill', 'nigga', 'still', 'switchin', 'lane', 'lil', 'nigga', 'still', 'hit', 'stain', 'real', 'nigga', 'still', 'hit', 'bang']"
2564,Alex-wiley,K-Swiss,['Rap'],"['got', 'bitch', 'laced', 'tight', 'astight', 'hell', 'ooh', 'shit', 'ooh', 'shit', 'hot', 'ooh', 'shit', 'shit', 'filas', 'look', 'shit', 'look', 'bitch', 'bitch', 'got', 'kswiss', 'shit', 'nigga', 'look', 'bitch', 'bitch', 'got', 'kswiss', 'bitch', 'got', 'kswiss', 'bitch', 'got', 'kswiss', 'homie', 'told', 'shoot', 'shot', 'finna', 'take', 'every', 'freakin', 'night', 'every', 'freakin', 'day', 'wan', 'freak', 'baby', 'every', 'freakin', 'way', 'every', 'freakin', 'day', 'every', 'freakin', 'night', 'wan', 'freak', 'girl', 'body', 'freakin', 'tight', 'x25']"
26995,Alex-wiley,Forever,['Rap'],"['look', 'around', 'never', 'never', 'beer', 'hustling', 'like', 'thibodeau', 'coaching', 'rolling', 'grain', 'till', 'pendulum', 'swing', 'center', 'frame', 'hope', 'get', 'focus', 'got', 'little', 'lady', 'lurking', 'rolling', 'dope', 'never', 'dropped', 'never', 'went', 'kobe', 'cop', 'new', 'nigga', 'today', 'hopefully', 'smoking', 'wizzle', 'wiley', 'fucking', 'guy', 'supposed', 'smoking', 'called', 'lot', 'thing', 'done', 'broke', 'lot', 'thing', 'ive', 'known', 'slaughter', 'thing', 'fuck', 'bitch', 'like', 'badabing', 'dont', 'give', 'fuck', 'thing', 'new', 'bitch', 'spazzing', 'think', 'thats', 'fucked', 'father', 'thing', 'told', 'bitch', 'dont', 'bothering', 'singing', 'wan', 'stay', 'forever', 'every', 'night', 'pray', 'everyone', 'wan', 'stay', 'forever', 'ever', 'man', 'tryna', 'keep', 'potent', 'team', 'divided', 'forever', 'riding', 'people', 'pay', 'attention', 'quotient', 'mixture', 'talent', 'knowledge', 'people', 'purpose', 'polish', 'potion', 'people', 'blind', 'thirsty', 'hungry', 'hurting', 'searching', 'water', 'brought', 'ocean', 'think', 'look', 'hopeless', 'shit', 'focus', 'dont', 'ever', 'think', 'sweet', 'wrist', 'froze', 'give', 'fuck', 'gold', 'free', 'tryna', 'give', 'truth', 'dont', 'mean', 'blunt', 'offer', 'tree', 'ginger', 'ale', 'ho', 'glass', 'water', 'soul', 'come', 'hit', 'thc', 'swear', 'one', 'sip', 'need']"
27003,Alex-wiley,Like MacGyver,['Rap'],"['fuckin', 'sick', 'tired', 'get', 'jam', 'like', 'macgyver', 'yeah', 'chopper', 'turn', 'fitted', 'visor', 'dont', 'ask', 'bitch', 'supervisor', 'dont', 'give', 'fuck', 'yeah', 'suck', 'shit', 'aint', 'enough', 'waste', 'nut', 'clutch', 'finna', 'pull', 'touched', 'whats', 'fuss', 'merciless', 'yeah', 'think', 'hot', 'nigga', 'man', 'different', 'nigga', 'need', 'distance', 'yeah', 'wa', 'cool', 'lookin', 'like', 'bitch', 'yeah', 'dog', 'lookin', 'like', 'tintin', 'get', 'world', 'science', 'boutta', 'open', 'dimension', 'god', 'damn', 'cause', 'yall', 'idolize', 'hoe', 'eye', 'closed', 'elevation', 'set', 'low', 'fuck', 'get', 'bust', 'nut', 'left', 'ear', 'know', 'came', 'yup', 'know', 'got', 'make', 'name', 'boutta', 'change', 'name', 'damn', 'reindeer', 'holiday', 'boutta', 'celebrate', 'every', 'year', 'fighting', 'game', 'know', 'boy', 'top', 'tier', 'ooh', 'rush', 'sorry', 'fool', 'dont', 'give', 'fuck', 'dont', 'know', 'one', 'trust', 'fuckin', 'sick', 'tired', 'get', 'jam', 'like', 'macgyver', 'yeah', 'chopper', 'turn', 'fitted', 'visor', 'dont', 'ask', 'bitch', 'supervisor', 'dont', 'give', 'fuck', 'yeah', 'suck', 'shit', 'aint', 'enough', 'waste', 'nut', 'clutch', 'finna', 'pull', 'touched', 'whats', 'fuss', 'merciless', 'think', 'hot', 'nigga', 'rollin', 'blunt', 'highway', 'mention', 'strain', 'aint', 'got', 'time', 'mind', 'game', 'givin', 'brain', 'like', 'migraine', 'look', 'cant', 'find', 'nigga', 'never', 'define', 'knew', 'since', 'wa', 'time', 'time', 'change', 'lace', 'boot', 'excel', 'might', 'well', 'servin', 'shit', 'clientele', 'might', 'well', 'product', 'try', 'fail', 'got', 'dope', 'fire', 'sale', 'hit', 'booth', 'leave', 'fire', 'trail', 'got', 'shit', 'make', 'iron', 'melt', 'tryna', 'get', 'richie', 'lionel', 'rollin', 'dope', 'fuck', 'feel', 'chicago', 'drill', 'got', 'nigga', 'still', 'field', 'like', 'nfl', 'new', 'shit', 'sound', 'like', 'benadryl', 'girl', 'hit', 'like', 'finna', 'chill', 'kinda', 'annoying', 'hit', 'still', 'said', 'would', 'fail', 'didnt', 'still', 'caught', 'whirlwind', 'sleep', 'wonder', 'world', 'went', 'path', 'encourage', 'young', 'fuckin', 'flourishing', 'never', 'proud', 'american', 'guess', 'suit', 'cause', 'arrogant', 'take', 'knee', 'like', 'nancy', 'kerrigan', 'gave', 'fuck', 'never', 'care', 'never', 'care', 'fuckin', 'sick', 'tired', 'get', 'jam', 'like', 'macgyver', 'yeah', 'chopper', 'turn', 'fitted', 'visor', 'dont', 'ask', 'bitch', 'supervisor', 'dont', 'give', 'fuck', 'yeah', 'suck', 'shit', 'aint', 'enough', 'waste', 'nut', 'clutch', 'finna', 'pull', 'touched', 'whats', 'fuss', 'merciless', 'think', 'hot', 'nigga', 'aye', 'yall', 'fucking', 'woke', 'still', 'coppin', 'dime', 'boy', 'know', 'want', 'smoke', 'nine', 'real', 'crack', 'seal', 'take', 'slow', 'take', 'smoke', 'deuce', 'nigga', 'invitational', 'killin', 'nigga', 'appetite', 'insatiable', 'build', 'like', 'mason', 'penny', 'brick', 'mortar', 'plenty', 'rick', 'morty', 'reference', 'know', 'dick', 'shorter', 'parallel', 'universe', 'little', 'dick', 'attractive', 'skin', 'important', 'proactive', 'thing', 'start', 'get', 'bumpy', 'anyway', 'lump', 'conscious', 'rapper', 'much', 'preacher', 'writer', 'teacher', 'learn', 'see', 'real', 'dont', 'fall', 'feature', 'film', 'trappin', 'know', 'nigga', 'act', 'regardless', 'hardly', 'heartless', 'passion', 'hardy', 'euro', 'steppin', 'like', 'harden', 'flippin', 'chapter', 'passport', 'paper', 'boarding', 'charter', 'boat', 'altered', 'suit', 'author', 'quote', 'like', 'drink', 'water', 'try', 'nothing', 'world', 'like', 'word', 'keke', 'wyatt', 'fuckin', 'sick', 'tired', 'get', 'jam', 'like', 'macgyver', 'yeah', 'chopper', 'turn', 'fitted', 'visor', 'dont', 'ask', 'bitch', 'supervisor', 'dont', 'give', 'fuck', 'yeah', 'suck', 'shit', 'aint', 'enough', 'waste', 'nut', 'clutch', 'finna', 'pull', 'touched', 'whats', 'fuss', 'merciless', 'think', 'hot', 'nigga']"
