,primary_artist,title,tags,lyrics
16484,Alt-j,Deadcrush [Alchemist x Trooko Version],"['Rock', 'Rap', 'Remix']","['swim', 'low', 'back', 'dry', 'night', 'sample', 'put', 'get', 'money', 'back', 'volvo', 'car', 'sample', 'old', 'pay', 'sign', 'man', 'ray', 'went', 'cray', 'cray', 'capturing', 'never', 'captured', 'youre', 'lee', 'swim', 'low', 'back', 'dry', 'night', 'sample', 'put', 'get', 'money', 'keepa', 'keepa', 'keepa', 'keep', 'damn', 'let', 'low', 'let', 'know', 'papa', 'papa', 'papa', 'get', 'deep', 'deep', 'pablo', 'let', 'know', 'one', 'man', 'waste', 'another', 'man', 'soap', 'nice', 'way', 'saying', 'youre', 'washed', 'getting', 'fed', 'like', 'oprah', 'jet', 'mental', 'state', 'vietnam', 'vet', 'war', 'outside', 'aint', 'one', 'safe', 'wave', 'rollie', 'like', 'puffy', 'mase', 'still', 'trying', 'escape', 'getting', 'caught', 'web', 'snakes', 'grass', 'snapping', 'leg', 'burn', 'village', 'overcook', 'bread', 'little', 'game', 'maybe', 'something', 'borrow', 'sample', 'put', 'get', 'money', 'back', 'volvo', 'car', 'sample', 'hold', 'pay', 'sign', 'dont', 'ace', 'heart', 'dear', 'youre', 'lost', 'man', 'falcon', 'anna', 'left', 'arm', 'falconer', 'anna', 'anna', 'anna', 'anna', 'larlésienne', 'little', 'game', 'maybe', 'something', 'borrow', 'get', 'get', 'lead', 'horse', 'water', 'cant', 'make', 'drink', 'weed', 'got', 'thinking', 'low', 'tide', 'ship', 'still', 'sinking', 'dont', 'wan', 'alone', 'skin', 'start', 'wrinkling', 'got', 'plan', 'future', 'live', 'little', 'different', 'average', 'nigga', 'used', 'everyday', 'first', 'month', 'dope', 'fiend', 'difference', 'aint', 'runnin', 'round', 'stealing', 'flat', 'screen', 'swim', 'low', 'back', 'dry', 'night', 'sample', 'put', 'get', 'money', 'back', 'volvo', 'car', 'sample', 'hold', 'pay', 'sign', 'swim', 'low', 'back', 'dry', 'night', 'sample', 'put', 'get', 'money', 'back', 'volvo', 'car', 'sample', 'hold', 'pay', 'sign']"
28794,Alt-j,Taro,['Rock'],"['indochina', 'jump', 'jeep', 'two', 'foot', 'creep', 'road', 'photo', 'record', 'meat', 'lump', 'war', 'advance', 'doe', 'chance', 'yellowwhite', 'flash', 'violent', 'wrench', 'grip', 'mass', 'rips', 'light', 'tear', 'limb', 'like', 'rag', 'burst', 'high', 'finally', 'land', 'mine', 'watery', 'pit', 'painless', 'immense', 'distance', 'medic', 'colleague', 'friend', 'enemy', 'foe', 'five', 'yard', 'leg', 'taro', 'spray', 'eye', 'sprayed', 'eye', '310', 'pends', 'death', 'quivers', 'last', 'rattle', 'last', 'choke', 'colour', 'care', 'glaze', 'grey', 'shriveled', 'stricken', 'dot', 'left', 'hand', 'grasp', 'body', 'grasp', 'photographe', 'est', 'mort', '31415', 'alive', 'longer', 'amour', 'fated', 'home', 'may', 'doors', 'open', 'like', 'arm', 'love', 'painless', 'great', 'closeness', 'dark', 'nothing', 'reunited', 'leg', 'taro', 'taro', 'spray', 'eye', 'sprayed', 'eye', 'hey', 'taro']"
28795,Alt-j,Breezeblocks,"['Indie', 'Alternative', 'Rock']","['may', 'contain', 'urge', 'run', 'away', 'hold', 'soggy', 'clothes', 'breezeblocks', 'cetirizine', 'fever', 'gripped', 'never', 'kiss', 'ever', 'send', 'fullstops', 'know', 'wild', 'thing', 'along', 'take', 'honey', 'break', 'weep', 'build', 'breakfast', 'let', 'eat', 'love', 'love', 'love', 'love', 'muscle', 'muscle', 'toe', 'toe', 'fear', 'ha', 'gripped', 'heart', 'sink', 'jump', 'hand', 'grip', 'hand', 'eye', 'shut', 'know', 'wild', 'thing', 'along', 'take', 'honey', 'break', 'sleep', 'build', 'breakfast', 'let', 'eat', 'love', 'love', 'love', 'love', 'bruise', 'cough', 'splutter', 'pistol', 'shot', 'hold', 'soggy', 'clothes', 'breezeblocks', 'morphine', 'queen', 'vaccine', 'love', 'love', 'love', 'love', 'muscle', 'muscle', 'toe', 'toe', 'fear', 'ha', 'gripped', 'heart', 'sink', 'jump', 'hand', 'grip', 'hand', 'eye', 'shut', 'may', 'contain', 'urge', 'run', 'away', 'hold', 'soggy', 'clothes', 'breezeblocks', 'germolene', 'disinfect', 'scene', 'love', 'love', 'love', 'love', 'please', 'dont', 'love', 'lovely', 'please', 'dont', 'please', 'dont', 'love', 'love', 'please', 'dont', 'please', 'dont', 'love', 'love', 'please', 'break', 'heart', 'please', 'dont', 'please', 'dont', 'love', 'love', 'please', 'dont', 'please', 'dont', 'love', 'love', 'please', 'break', 'heart', 'please', 'eat', 'whole', 'love', 'love', 'love', 'please', 'eat', 'whole', 'love', 'love', 'please', 'eat', 'whole', 'love', 'love', 'love', 'please', 'eat', 'whole', 'love', 'love', 'please', 'eat', 'whole', 'love', 'love', 'love', 'please', 'eat', 'whole', 'love', 'love', 'please', 'eat', 'whole', 'love', 'love', 'love', 'please', 'eat', 'whole', 'love', 'love']"
28796,Alt-j,In Cold Blood,"['Experimental Rock', 'Experimental', 'Psychedelic Rock', 'Electronic', 'UK', 'Indie Rock', 'Rock']","['zero', 'one', 'one', 'one', 'zero', 'zero', 'one', 'one', 'crying', 'zero', 'hearing', 'one', 'one', 'one', 'cut', 'somersault', 'sign', 'backflip', 'pool', 'summer', 'summer', 'pool', 'pool', 'summer', 'kiss', 'hair', 'way', 'sun', 'really', 'want', 'whiskey', 'soda', 'please', 'gts', 'empty', 'jeffs', 'inflatables', 'sunk', 'bottom', 'pool', 'summer', 'summer', 'pool', 'pool', 'summer', 'kiss', 'cali', 'let', 'dive', 'dive', 'pool', 'bottom', 'belong', 'cali', 'youre', 'sinking', 'like', 'bleeding', 'stone', 'crowd', 'around', 'fucking', 'loud', 'caspians', 'killer', 'told', 'heard', 'radio', 'pool', 'summer', 'summer', 'pool', 'summer', 'vibe', 'killed', 'cold', 'blood', 'zero', 'one', 'one', 'one', 'zero', 'zero', 'one', 'one', 'crying', 'zero', 'hearing', 'one', 'one', 'one', 'lifeless', 'back', 'slap', 'surface', 'pool', 'pool', 'killer', 'killer', 'pool', 'pool', 'killer', 'kiss', 'caspians', 'killer', 'told', 'heard', 'radio', 'pool', 'summer', 'summer', 'pool', 'pool', 'summer', 'vibe', 'killed', 'cold', 'blood', 'lala', 'lala', 'lala', 'lala', 'lala', 'lala', 'lala', 'lala', 'lala', 'lala', 'lala', 'lala', 'lala', 'lala', 'lala', 'lala', 'lala', 'lala', 'lala', 'cold', 'blood']"
28797,Alt-j,Fitzpleasure,"['Alternative', 'Rock']","['tralala', 'trala', 'traala', 'tralala', 'trala', 'traala', 'tralala', 'trala', 'traala', 'tralala', 'trala', 'snatch', 'fit', 'pleasure', 'broomshaped', 'pleasure', 'deep', 'greedy', 'googling', 'every', 'corner', 'trala', 'traala', 'lalalalalalala', 'dead', 'middle', 'codoublem', 'little', 'know', 'mandela', 'boys', 'soon', 'become', 'mandela', 'men', 'tall', 'woman', 'pull', 'pylon', 'wrap', 'around', 'neck', 'feckless', 'men', 'queue', 'next', 'steepled', 'finger', 'ring', 'lalalalalalalalaleaders', 'queuequeue', 'jumpers', 'rock', 'fist', 'paper', 'scissors', 'lalalalalalalingered', 'fluffers', 'choir', 'hoof', 'lie', 'heartland', 'tent', 'treasure', 'pleasure', 'leisure', 'les', 'yeux', 'eye', 'snatch', 'fit', 'pleasure', 'broomshaped', 'pleasure', 'deep', 'greedy', 'googling', 'every', 'corner', 'tralala', 'trala', 'trala', 'lalalalalalala', 'blended', 'light']"
28798,Alt-j,Tessellate,"['UK', 'Adult Alternative', 'Indie Rock', 'Electronic Rock', 'Art Rock', 'Electro-Pop', 'Electronic', 'Indie Pop', 'Rock']","['bite', 'chunk', 'youre', 'shark', 'swimming', 'heart', 'still', 'thump', 'bleed', 'friend', 'come', 'sniffing', 'triangles', 'favourite', 'shape', 'three', 'point', 'two', 'line', 'meet', 'toe', 'toe', 'back', 'back', 'let', 'love', 'late', 'til', 'morning', 'come', 'lets', 'tessellate…', 'alone', 'flower', 'keep', 'whole', 'lovely', 'wild', 'green', 'stone', 'alone', 'lover', 'keep', 'heart', 'three', 'gun', 'one', 'go', 'ones', 'empty', 'one', 'quick', 'enough', 'one', 'burn', 'one', 'red', 'one', 'grin', 'search', 'graf', 'camera', 'spin', 'chunks', 'sink', 'seal', 'blubber', 'rich', 'mourning', 'theyll', 'nosh', 'yes', 'theyll', 'nosh', 'love', 'away', 'fair', 'say', 'still', 'haunt', 'triangles', 'favourite', 'shape', 'three', 'point', 'two', 'line', 'meet', 'toe', 'toe', 'back', 'back', 'let', 'love', 'late', 'til', 'morning', 'come', 'lets', 'tessellate…']"
28799,Alt-j,Left Hand Free,"['UK', 'Adult Alternative', 'Alternative Rock', 'Indie Rock', 'Rock']","['aint', 'shady', 'baby', 'hot', 'like', 'prodigal', 'son', 'pick', 'petal', 'eenie', 'meeny', 'miny', 'flower', 'youre', 'chosen', 'one', 'well', 'left', 'hand', 'free', 'right', 'grip', 'another', 'left', 'hand', 'watch', 'right', 'hand', 'slip', 'towards', 'gun', 'tackle', 'tussle', 'day', 'rolling', 'right', 'hand', 'gripped', 'colt', 'singleaction', 'army', 'well', 'left', 'hand', 'free', 'right', 'grip', 'another', 'left', 'hand', 'watch', 'right', 'hand', 'slip', 'towards', 'gun', 'neo', 'omg', 'gee', 'whiz', 'girl', 'youre', 'one', 'though', 'man', 'bigger', 'day', 'disagrees', 'well', 'left', 'hand', 'free', 'well', 'left', 'hand', 'free', 'well', 'left', 'hand', 'free', 'aint', 'shady', 'baby', 'hot', 'like', 'prodigal', 'son', 'pick', 'petal', 'eenie', 'meeny', 'miny', 'flower', 'youre', 'chosen', 'one', 'well', 'left', 'hand', 'free', 'well', 'left', 'hand', 'free', 'well', 'left', 'hand', 'free', 'well', 'left', 'hand', 'free', 'well', 'left', 'hand', 'free']"
28800,Alt-j,Matilda,['Rock'],"['matilda', 'like', 'johnny', 'flynn', 'said', 'breath', 'ive', 'taken', 'one', 'must', 'put', 'grenade', 'pin', 'hand', 'understand', 'bos', 'defeat', 'sleep', 'toptotoe', 'success', 'matilda', 'need', 'matilda', 'need', 'matilda', 'like', 'johnny', 'flynn', 'said', 'breath', 'ive', 'taken', 'one', 'must', 'put', 'grenade', 'pin', 'hand', 'understand', 'bos', 'defeat', 'sleep', 'toptotoe', 'success', 'matilda', 'need', 'matilda', 'need', 'matilda', 'need', 'matilda', 'elle', 'besoin', 'toi', 'cela', 'vient', 'matilda', 'need', 'matilda', 'need', 'matilda', 'need', 'matilda', 'need', 'matilda', 'matilda', 'matilda', 'matilda', 'matilda', 'matilda']"
28801,Alt-j,3WW,['Rock'],"['wa', 'wayward', 'lad', 'stepped', 'one', 'morning', 'ground', 'bed', 'sky', 'awning', 'neon', 'neon', 'neon', 'blue', 'neon', 'lamp', 'midnight', 'country', 'field', 'cows', 'surround', 'lean', 'lean', 'much', 'hug', 'become', 'hold', 'ons', 'three', 'worn', 'word', 'whisper', 'like', 'rubbing', 'hand', 'tourist', 'verona', 'want', 'love', 'language', 'well', 'smell', 'sex', 'good', 'like', 'burning', 'wood', 'wayward', 'lad', 'lay', 'claim', 'two', 'thirsty', 'girl', 'hornsea', 'left', 'note', 'morning', 'came', 'girls', 'pool', 'say', 'road', 'erodes', 'five', 'foot', 'per', 'year', 'along', 'englands', 'east', 'coastline', 'first', 'time', 'love', 'button', 'pressed', 'last', 'night', 'camp', 'fire', 'three', 'worn', 'word', 'whisper', 'like', 'rubbing', 'hand', 'tourist', 'verona', 'want', 'love', 'language']"
28802,Alt-j,Bloodflood Pt. II,['Rock'],"['heat', 'shimmer', 'hips', 'quiver', 'open', 'smother', 'lipped', 'lover', 'dead', 'middle', 'codoublemon', 'little', 'know', 'mandela', 'boys', 'soon', 'become', 'mandela', 'men', 'razor', 'blade', 'melted', 'toothbrush', 'assassin', 'police', 'heat', 'shimmer', 'silky', 'glistener', 'open', 'smother', 'lipped', 'lover', 'dead', 'middle', 'codoublemon', 'little', 'know', 'mandela', 'boys', 'soon', 'become', 'mandela', 'men', 'silent', 'knife', 'unholy', 'knife', 'fallen', 'black', 'outside', 'window', 'codoublemon', 'codoublemon', 'flood', 'blood', 'heart', 'flood', 'blood', 'heart', 'flood', 'blood', 'heart', 'flood', 'blood', 'heart', 'flood', 'blood', 'heart', 'flood', 'blood', 'heart', 'flood', 'blood', 'heart', 'flood', 'blood', 'heart', 'flood', 'blood', 'heart', 'flood', 'blood', 'heart', 'flood', 'blood', 'heart', 'flood', 'blood', 'heart', 'flood', 'blood', 'heart', 'flood', 'blood', 'heart', 'flood', 'blood', 'heart', 'flood', 'blood', 'heart', 'quelea', 'quelea', 'quelea', 'quelea', 'quelea', 'quelea', 'quelea', 'quelea', 'quelea', 'quelea', 'quelea', 'quelea', 'quelea', 'quelea', 'quelea', 'quelea', 'quelea', 'quelea', 'quelea', 'quelea', 'quelea', 'quelea', 'quelea', 'quelea']"
28803,Alt-j,Warm Foothills,['Rock'],"['ooooh', 'dry', 'dune', 'cater', 'jumping', 'boy', 'nape', 'neck', 'made', 'descent', 'watched', 'men', 'hurl', 'rock', 'sea', 'like', 'sternum', 'button', 'lined', 'lip', 'pinch', 'foothill', 'warm', 'iris', 'swim', 'quietly', 'beside', 'weed', 'larger', 'leaf', 'sway', 'stretch', 'beneath', 'blue', 'dragonfly', 'dart', 'fro', 'tie', 'life', 'balloon', 'let', 'foothill', 'warm', 'ooooh']"
28804,Alt-j,Nara,['Rock'],"['soon', 'gon', 'marry', 'man', 'like', 'light', 'fuse', 'hallelujah', 'hallelujah', 'love', 'love', 'warmest', 'colour', 'petrol', 'blue', 'hallelujah', 'hallelujah', 'comes', 'saut', 'dans', 'vide', 'lover', 'youth', 'greatest', 'tide', 'washed', 'prize', 'follow', 'let', 'let', 'lead', 'love', 'pharaoh', 'front', 'thought', 'let', 'hed', 'want', 'love', 'pharaoh', 'boning', 'ive', 'discovered', 'man', 'like', 'man', 'ive', 'discovered', 'man', 'like', 'man', 'ive', 'discovered', 'man', 'like', 'man', 'ive', 'found', 'love', 'love', 'like', 'ive', 'found', 'love', 'love', 'like', 'hes', 'found', 'aslan', 'hallelujah', 'bovay', 'alabama', 'marry', 'man', 'like', 'hallelujah', 'bovay', 'alabama', 'love', 'warmest', 'colour', 'hallelujah', 'bovay', 'alabama', 'unpin', 'butterfly', 'russia', 'hallelujah', 'bovay', 'alabama', 'deer', 'nara', 'hallelujah', 'bovay', 'alabama', 'hallelujah', 'bovay', 'alabama']"
28805,Alt-j,Bloodflood,"['Indie Pop', 'Indie Rock', 'Rock']","['odouble', 'mon', 'wave', 'awesome', 'wave', 'rush', 'skin', 'widens', 'flooded', 'vein', 'breathe', 'exhale', 'ive', 'poked', 'nerve', 'hell', 'slap', 'like', 'whale', 'slaps', 'odouble', 'mon', 'tide', 'tide', 'flood', 'blood', 'heart', 'fear', 'slipstream', 'breathe', 'exhale', 'ive', 'poked', 'nerve', 'hell', 'slap', 'like', 'whale', 'slaps', 'odouble', 'mon', 'flood', 'blood', 'heart']"
28806,Alt-j,The Gospel of John Hurt,['Rock'],"['space', 'lshaped', 'tetris', 'tile', 'seeking', 'somewhere', 'somewhere', 'fit', 'alien', 'coming', 'woodwork', 'chest', 'burst', 'like', 'john', 'hurt', 'coming', 'wood', 'twenty', 'civilian', 'coming', 'woodwork', 'chest', 'burst', 'like', 'john', 'hurt', 'coming', 'wood', 'coming', 'woodwork', 'chest', 'burst', 'like', 'john', 'hurt', 'coming', 'wood', 'jeremiah', 'looking', 'know', 'looking', 'know', 'headed', 'string', 'extinct', 'jeremiah', 'looking', 'know', 'looking', 'know', 'headed', 'string', 'extinct', 'coming', 'woodwork', 'chest', 'burst', 'like', 'john', 'hurt', 'coming', 'wood', 'coming', 'woodwork', 'chest', 'burst', 'like', 'john', 'hurt', 'coming', 'wood', 'coming', 'woodwork', 'chest', 'burst', 'like', 'john', 'hurt', 'coming', 'wood', 'coming', 'woodwork', 'chest', 'burst', 'like', 'john', 'hurt', 'coming', 'wood', 'coming', 'woodwork', 'chest', 'burst', 'like', 'john', 'hurt', 'coming', 'wood', 'coming', 'woodwork', 'chest', 'burst', 'like', 'john', 'hurt', 'coming', 'wood']"
28807,Alt-j,❦ (Ripe & Ruin),['Rock'],"['sheshesheshe', 'evevverververver', 'walks', 'toto', 'countcount', 'step', 'eighteenteen', 'stride', 'stop', 'abide', 'law', 'ha', 'set', 'eighteen', 'step', 'one', 'complete', 'set', 'next', 'nine', 'right', 'nine', 'left', 'look', 'upup', 'blue', 'whisper', 'dont', 'let', 'drown', 'dont', 'breathe', 'alone', 'kick', 'pang', 'broken', 'bone', 'never', 'let', 'sink', 'always', 'feel', 'home', 'stick', 'shank', 'stone', 'never', 'leave', 'late', 'always', 'enjoy', 'taste', 'greatgreatgreat', 'grey', 'world', 'heart', 'dog', 'everywhere', 'barkbarkbarkbark', 'worth', 'knowing', 'like', 'good', 'fruit', 'balance', 'life', 'ripe', 'ruin']"
28808,Alt-j,Dissolve Me,['Rock'],"['dissolve', 'two', 'tab', 'tongue', 'herd', 'shepherd', 'herd', 'sheep', 'sleep', 'one', 'broken', 'sweetheart', 'ah…', 'sleep', 'apart', 'still', 'pine', 'others', 'side', 'spine', 'spoon', 'sleep', 'start', 'pulse', 'pulse', 'shush', 'make', 'sound', 'sound', 'sea', 'make', 'calm', 'seethrough', 'soap', 'sliver', 'youre', 'thin', 'begin', 'rubbing', 'lather', 'state', 'worsens', 'skin', 'gold…', 'fatless', 'finger', 'lip', 'onetwo', 'threefour', 'hush', 'pulse', 'pulse', 'shush', 'make', 'sound', 'sound', 'sea', 'make', 'calm', 'make', 'sound', 'sound', 'sea', 'make', 'tired', 'make', 'sound', 'sea', 'make', 'kneedeep', 'north', 'make', 'sound', 'sea', 'make', 'kneedeep', 'north', 'make', 'sound', 'sea', 'make', 'kneedeep', 'north', 'make', 'sound', 'sea', 'make', 'kneedeep', 'north', 'make', 'sound', 'sea', 'make', 'kneedeep', 'north', 'make', 'sound', 'sea', 'make', 'kneedeep', 'north', 'make', 'sound', 'sea', 'make', 'kneedeep', 'north', 'make', 'sound', 'sea', 'make', 'kneedeep', 'north', 'sea']"
28809,Alt-j,Pusher,['Rock'],"['youre', 'willing', 'wait', 'love', 'life', 'please', 'wait', 'line', 'know', 'dispersive', 'prism', 'rainbow', 'native', 'optimism', 'isnt', 'broken', 'light', 'idea', 'life', 'without', 'company', 'fell', 'suddenly', 'crashed', 'ceiling', 'pinned', 'pine', 'layer', 'upon', 'layer', 'hope', 'doubt', 'crush', 'bone', 'oil', 'time', 'pusher', 'puller', 'pull', 'weight', 'towards', 'lack', 'zest', 'lemon', 'looking', 'forward', 'unless', 'woman', 'pushing', 'canopy', 'redbilled', 'quelea', 'passed', 'blue', 'five', 'hour', 'flock', 'one', 'dive', 'tell', 'truth', 'night', 'fall', 'quelea', 'crawl', 'whisper', 'last', 'wing', 'abundant', 'left', 'alone', 'shall', 'waited', 'phone', 'never', 'ring', 'pusher', 'puller', 'pull', 'weight', 'towards', 'lack', 'zest', 'lemon', 'looking', 'forward', 'unless', 'woman', 'pushing', 'pusher', 'puller', 'could', 'hold', 'hand', 'fifteen', 'minute', 'sauna', 'could', 'hold', 'hand', 'pool', 'length', 'water', 'push', 'pull', 'youre', 'willing', 'wait', 'love', 'life', 'please', 'wait', 'line']"
28810,Alt-j,Intro,['Rock'],"['shit', 'festival', 'laugh', 'beautiful', 'nod', 'canon', 'simple', 'man', 'stan', 'cant', 'stand', 'beautiful', 'nod', 'canon', 'stickle', 'brick', 'tickle', 'quick', 'laugh', 'beautiful', 'nod', 'canon', 'hustle', 'hot', 'muscle', 'shower', 'twitch', 'beautiful', 'nod', 'canon', 'one', 'two', 'three', 'yeah']"
28811,Alt-j,Arrival in Nara,['Rock'],"['submarine', 'rope', 'loop', 'round', 'feeble', 'foot', 'dawn', 'breaks', 'sorry', 'grasp', 'blink', 'one', 'motion', 'rope', 'constricts', 'rips', 'towards', 'ocean', 'never', 'find', 'bearing', 'sucking', 'splash', 'lung', 'though', 'see', 'hear', 'smile', 'sings', 'though', 'see', 'hear', 'smile', 'sings']"
28812,Alt-j,Hit Me Like That Snare,"['Indie Rock', 'Rock']","['door', 'quarter', 'four', 'poppers', 'popping', 'baby', 'might', 'take', 'fucking', 'loose', 'youre', 'gorgeous', 'dont', 'care', 'come', 'closer', 'baby', 'slap', 'like', 'snare', 'moon', 'shaped', 'pool', 'play', 'velvet', 'cell', 'green', 'neon', 'sign', 'reading', 'welcome', 'hell', 'leather', 'sling', 'fall', 'like', 'oxygen', 'mask', 'going', 'fuck', 'life', 'half', 'school', 'magic', 'broom', 'wand', 'pairs', 'people', 'tugging', 'like', 'hungry', 'dog', 'bone', 'baby', 'house', 'slithering', 'floor', 'full', 'happy', 'wizard', 'scissoring', 'dont', 'subscribe', 'cultural', 'norm', 'church', 'doctrine', 'ha', 'lost', 'charm', 'rise', 'gloom', 'jungle', 'floor', 'hit', 'like', 'snare', 'dont', 'subscribe', 'cultural', 'norm', 'church', 'doctrine', 'ha', 'lost', 'charm', 'family', 'matter', 'couldnt', 'agree', 'family', 'fisting', 'floor', 'regret', 'safe', 'word', 'one', 'ten', 'japanese', 'party', 'carpet', 'burning', 'knee', 'ichi', 'san', 'roku', 'nana', 'hachi', 'kyu', 'jyuu', 'ichi', 'san', 'roku', 'nana', 'hachi', 'kyu', 'jyuu', 'dangerous', 'teenager', 'dangerous', 'teenager', 'fuck', 'ill', 'want', 'fuck', 'ill', 'want', 'fuck', 'ill', 'want', 'fuck', 'ill', 'want']"
28813,Alt-j,Adeline,"['Indie Rock', 'Rock']","['ooh', 'adeline', 'ooh', 'tasmania', 'devil', 'jaw', 'far', 'weak', 'tear', 'away', 'ooh', 'wish', 'well', 'wish', 'well', 'wish', 'well', 'wish', 'well', 'ooh', 'adeline', 'watch', 'morning', 'swim', 'ooh', 'kodachrome', 'blue', 'sky', 'strokes', 'patch', 'warm', 'patch', 'sweet', 'adeline', 'ooh', 'wish', 'well', 'wish', 'well', 'wish', 'well', 'wish', 'well', 'old', 'triangle', 'went', 'jinglejangle', 'along', 'royal', 'canal', 'adeline', 'wa', 'swimming', 'sweet', 'adeline', 'wa', 'singing', 'tune', 'royal', 'canal', 'shes', 'swim', 'swimmer', 'swimmer', 'swimmer', 'swim', 'swimmer', 'swimmer', 'swimmer', 'old', 'triangle', 'went', 'jinglejangle', 'along', 'royal', 'canal', 'adeline', 'wa', 'swimming', 'sweet', 'adeline', 'wa', 'singing', 'tune', 'royal', 'canal', 'wish', 'well', 'wish', 'well', 'wish', 'well', 'wish', 'well', 'wish', 'well']"
28814,Alt-j,Intro (This Is All Yours),"['Rock', 'Rap']","['escher', 'wan', 'draw', 'shit', 'pop', 'clip', 'bitch', 'draw', 'piece', 'hip', 'escher', 'wan', 'draw', 'shit', 'pop', 'clip', 'bitch', 'draw', 'piece', 'hip', 'escher', 'wan', 'draw', 'shit', 'pop', 'clip', 'bitch', 'draw', 'piece', 'hip', 'escher', 'wan', 'draw', 'shit', 'pop', 'clip', 'bitch', 'draw', 'piece', 'hip']"
28815,Alt-j,Ms,"['Indie Rock', 'Alternative Rock', 'Alternative', 'Rock']","['cant', 'lose', 'touch', 'let', 'blue', 'white', 'gun', 'made', 'lego', 'vowel', 'vow', 'hold', 'name', 'keep', 'estate', 'clean', 'ive', 'pillowed', 'many', 'time', 'week', 'close', 'eye', 'open', 'close', 'forget', 'fall', 'asleep', 'dark', 'seek', 'dark', 'dark', 'seek', 'dark', 'ooooh', 'darker', 'ooooh', 'darker', 'ooooh', 'ohohoh', 'ohohoh', 'ohohoh', 'ohohoh', 'night', 'youth', 'pressed', 'one', 'glass', 'water', 'scattered', 'truth', 'bewildered', 'beast', 'boohoos', 'weight', 'tenthousand', 'ladybird', 'vowel', 'vow', 'guard', 'name', 'keep', 'estate', 'clean', 'happy', 'thing', 'lie', 'deep', 'tear', 'well', 'close', 'eye', 'open', 'close', 'feel', 'body', 'spell', 'dark', 'seek', 'dark', 'dark', 'seek', 'dark', 'ooooh', 'darker', 'ooooh', 'darker', 'ooooh', 'ohohoh', 'ohohoh', 'ohohoh', 'ohohoh', 'shadow', 'burn', 'across', 'like', 'ember', 'tide', 'paper', 'darker', 'darker', 'darker', 'darker', 'darker', 'darker', 'darker', 'darker', 'darker', 'darker', 'darker', 'darker', 'darker', 'darker', 'darker', 'darker']"
28816,Alt-j,Last Year,['Rock'],"['january', 'came', 'took', 'heart', 'away', 'february', 'felt', 'march', 'hug', 'became', 'hold', 'ons', 'april', 'huffed', 'like', 'porridge', 'boil', 'morning', 'may', 'downwind', 'shampoo', 'ichi', 'san', 'roku', 'nana', 'hachi', 'kyuu', 'jyuu', 'june', 'learned', 'count', 'ten', 'japanese', 'dry', 'july', 'like', 'wiping', 'skin', 'skull', 'instead', 'visit', 'family', 'told', 'special', 'hmm', 'augustus', 'came', 'stabilised', 'father', 'pain', 'relieving', 'drug', 'diazepam', 'life', 'float', 'away', 'october', 'swam', 'back', 'birthday', 'firework', 'display', 'cafeteria', 'old', 'school', 'happier', 'coalblack', 'sleep', 'cold', 'deep', 'bed', 'december', 'sang', 'funeral', 'depth', 'river', 'ive', 'picked', 'one', 'greedy', 'equalled', 'stone', 'pocket', 'ive', 'collected', 'hold', 'hold', 'mississippi', 'come', 'back', 'mississippi', 'coalblack', 'sleep', 'mississippi', 'mississippi', 'come', 'back', 'mississippi', 'cold', 'black', 'sleep', 'mississippi']"
28817,Alt-j,House of the Rising Sun,"['Indie Rock', 'Rock']","['house', 'new', 'orleans', 'call', 'rising', 'sun', 'ruin', 'many', 'poor', 'soul', 'lord', 'father', 'one', 'mother', 'shes', 'tailor', 'sews', 'new', 'blue', 'jean', 'keep', 'gambling', 'father', 'drunk', 'deep', 'new', 'orleans', 'happy', 'happy', 'happy', 'happy', 'fun', 'day', 'day', 'like', 'bird', 'flying', 'forest', 'fire', 'father', 'feel', 'heat', 'beneath', 'wing', 'debt', 'leaf', 'another', 'town', 'gamble', 'drunk', 'still', 'drink', 'mother', 'hide', 'pleasure', 'think', 'father', 'knee', 'lifted', 'arm', 'god', 'away', 'new', 'orleans', 'happy', 'happy', 'happy', 'happy', 'fun', 'day', 'day', 'happy', 'happy', 'happy', 'happy', 'fun', 'day', 'day']"
28818,Alt-j,Leaving Nara,['Rock'],"['bovay', 'alabama', 'bovay', 'alabama', 'ill', 'bury', 'hand', 'deep', 'mane', 'lover', 'bovay', 'alabama', 'bovay', 'alabama', 'arm', 'warmest', 'colour', 'bovay', 'alabama', 'ill', 'bury', 'hand', 'deep', 'mane', 'lover', 'bovay', 'alabama', 'alabama']"
28819,Alt-j,Pleader,"['Indie Rock', 'Rock']","['green', 'green', 'wa', 'valley', 'told', 'hill', 'held', 'spot', 'behold', 'warmth', 'call', 'arm', 'harmony', 'happy', 'agony', 'sing', 'green', 'green', 'wa', 'valley', 'green', 'green', 'wa', 'valley', 'deep', 'shade', 'wild', 'rose', 'pray', 'heat', 'pride', 'glorious', 'voice', 'man', 'like', 'nightingale', 'sing', 'green', 'green', 'wa', 'valley', 'green', 'green', 'wa', 'valley', 'clear', 'softness', 'hymn', 'soft', 'like', 'coming', 'rain', 'soft', 'like', 'bronwen', 'victoria', 'victoria', 'voices', 'queen', 'might', 'envy', 'green', 'green', 'wa', 'valley', 'green', 'green', 'wa', 'valley']"
28820,Alt-j,Choice Kingdom,['Rock'],"['choice', 'kingdom', 'voice', 'hear', 'choice', 'kingdom', 'choice', 'kingdom', 'voice', 'crown', 'men', 'choice', 'kingdom', 'rule', 'britannia', 'bright', 'idea', 'hide', 'cave', 'rule', 'britannia', 'break', 'stock', 'slave', 'rule', 'britannia', 'leave', 'planked', 'graf', 'rule', 'britannia', 'ruler', 'wave']"
28821,Alt-j,Hand-Made,['Rock'],"['sting', 'redfullstops', 'skin', 'dotted', 'scratch', 'scratch', 'bleeding', 'legions', 'upon', 'legion', 'craftsman', 'handmade', 'feeling', 'sitting', 'comfortably', 'well', 'begin', 'theres', 'bear', 'wood', 'theyre', 'get', 'safe', 'harm', 'stay', 'chalet', 'hold', 'tight', 'ill', 'sink', 'absorbed', 'thinking', 'dont', 'know', 'dont', 'know', 'sting', 'redfullstops', 'skin', 'dotted', 'scratch', 'scratch', 'bleeding', 'legions', 'upon', 'legion', 'craftsman', 'handmade', 'feeling']"
28822,Alt-j,❦ (Garden of England),['Rock'],[]
28823,Alt-j,Dancing in the Moonlight (It’s Caught Me in Its Spotlight),['Rock'],"['passed', 'doorway', 'took', 'glance', 'shouldve', 'last', 'bus', 'home', 'asked', 'dance', 'steady', 'picture', 'always', 'get', 'chocolate', 'stain', 'pant', 'father', 'going', 'crazy', 'says', 'youre', 'living', 'trance', 'dancing', 'moonlight', 'caught', 'spotlight', 'alright', 'dancing', 'moonlight', 'long', 'hot', 'summer', 'night', 'well', 'three', 'oclock', 'morning', 'street', 'disobeyed', 'another', 'warning', 'shouldve', 'home', 'ten', 'wont', 'get', 'sunday', 'ill', 'say', 'stayed', 'friend', 'habit', 'worth', 'forming', 'mean', 'justify', 'end', 'dancing', 'moonlight', 'caught', 'spotlight', 'alright', 'dancing', 'moonlight', 'long', 'hot', 'summer', 'night', 'dancing', 'moonlight', 'caught', 'spotlight', 'alright', 'dancing', 'moonlight', 'long', 'hot', 'summer', 'night']"
28824,Alt-j,Leon,['Rock'],"['yeah', 'love', 'leon', 'yeah', 'love', 'leon', 'leon', 'yeah', 'love', 'leon', 'yeah', 'love', 'leon', 'leon', 'yeah', 'love', 'leon', 'yeah', 'love', 'leon', 'leon', 'yeah', 'love', 'leon', 'yeah', 'love', 'leon', 'leon', 'yeah', 'love', 'leon', 'yeah', 'love', 'leon', 'leon', 'yeah', 'love', 'leon', 'yeah', 'love', 'leon', 'leon', 'yeah', 'love', 'leon', 'yeah', 'love', 'leon', 'leon', 'love', 'leon', 'love', 'calm', 'moment', 'storm', 'shes', 'armed', 'teeth', 'careful', 'leon', 'ticktickticktick', 'flick', 'clock', 'cocking', 'gun', 'balaclavad', 'men', 'come', 'leon', 'youre', 'one', 'love', 'leon', 'love', 'calm', 'moment', 'storm', 'shes', 'armed', 'teeth', 'careful', 'leon', 'ticktickticktick', 'flick', 'clock', 'cocking', 'gun', 'balaclavad', 'men', 'come', 'leon', 'youre', 'one', 'ohohoh', 'save', 'love', 'leon', 'youre', 'pro', 'kill', 'kill', 'cause', 'youre', 'pro', 'save', 'love', 'leon', 'yeah', 'love', 'leon', 'well', 'yeah', 'love', 'leon', 'yeah', 'love', 'leon', 'yeah', 'love', 'leon', 'yeah', 'love', 'leon', 'leon', 'yeah', 'love', 'leon', 'yeah', 'love', 'leon', 'leon', 'yeah', 'love', 'leon', 'yeah', 'love', 'leon', 'leon', 'yeah', 'love', 'leon', 'yeah', 'love', 'leon', 'leon', 'love', 'leon', 'love', 'leon', 'love', 'leon', 'love', 'leon']"
28825,Alt-j,Hares on the Mountain,"['Electronic', 'Rock', 'Folk', 'Indie Rock', 'Alternative Rock']","['sally', 'dear', 'kissing', 'smiled', 'replied', 'dont', 'know', 'youre', 'missing', 'young', 'men', 'hare', 'mountain', 'many', 'young', 'girl', 'would', 'take', 'gun', 'hunting', 'young', 'men', 'fish', 'water', 'many', 'young', 'girl', 'would', 'undress', 'dive', 'young', 'men', 'could', 'sing', 'like', 'blackbird', 'thrush', 'many', 'young', 'girl', 'would', 'beating', 'bush', 'young', 'men', 'given', 'frisking', 'fooling', 'ill', 'leave', 'alone', 'attend', 'schooling']"
28826,Alt-j,Buffalo,['Rock'],"['breathe', 'buffalo', 'hide', 'warms', 'warning', 'death', 'without', 'word', 'ill', 'swallowing', 'cups', 'pride', 'inside', 'paint', 'bitterness', 'loathe', 'future', 'tribute', 'thom', 'sonny', 'green', 'breathe', 'buffalo', 'hide', 'warms', 'warning', 'death', 'without', 'word', 'ill', 'swallowing', 'cups', 'pride', 'inside', 'paint', 'bitterness', 'loathe', 'future', 'tribute', 'thom', 'sonny', 'green', 'buffalo', 'buffalo', 'buffaloed', 'buffalo', 'buffalo', 'buffalo', 'buffalo', 'buffalo', 'alls', 'lay', 'pay', 'tribute', 'future', 'death', 'thom', 'sonny', 'green']"
28827,Alt-j,Portrait,['Rock'],"['tell', 'wan', 'portrayed', 'know', 'love', 'yeah', 'love', 'donatello', 'frida', 'kahlo', 'holbein', 'know', 'love', 'yeah', 'love', 'paint', 'picture', 'draw', 'drawing', 'piece', 'paper', 'pencil', 'cause', 'afford', 'misrepresent', 'want', 'imitation', 'reality', 'gather', 'king', 'thing', 'know', 'my\ufeff', 'good', 'might', 'tell', 'cause', 'think', 'good', 'nature', 'establish', 'good', 'nature', 'buy', 'aristocracy', 'listen', 'yeah', 'whore', 'come', 'sit', 'wan', 'seen', 'hundred', 'year', 'see', 'hesitate', 'paint', 'portrait', 'paint', 'want', 'to\ufeff', 'know', 'want', 'see', 'threw', 'fire', 'threw', 'fire', 'took', 'eye', 'could', 'never', 'painter', 'boy', 'king', 'king', 'king', 'bring', 'guillotine', 'want', 'to\ufeff', 'know', 'want', 'see', 'threw', 'fire', 'threw', 'fire', 'took', 'eye', 'could', 'never', 'painter', 'boy', 'king', 'king', 'king', 'bring', 'guillotine', 'bring', 'guillotine']"
28828,Alt-j,Story 4: Sleeplessly Embracing (A Remix By Clipping),['Rap'],"['needles', 'foot', 'stumble', 'dock', 'big', 'toe', 'feeling', 'hole', 'sock', 'car', 'key', 'dangling', 'absently', 'lock', 'buick', 'regal', 'parked', 'side', 'roadblock', 'celly', 'center', 'console', 'continued', 'buzzing', 'name', 'screen', 'katrina', 'parenthesis', 'baby', 'cousin', 'dissolve', 'speaker', 'playing', 'nothing', 'fix', 'hair', 'one', 'steady', 'pace', 'never', 'rushing', 'faded', 'blue', 'polo', 'shirt', 'missing', 'top', 'button', 'khakis', 'coffee', 'stain', 'ripping', 'near', 'cuff', 'tongue', 'roof', 'cotton', 'mouth', 'feeling', 'rough', 'got', 'pocket', 'full', 'stone', 'cup', 'full', 'robitussin', 'many', 'star', 'count', 'moon', 'high', 'blushing', 'water', 'calmest', 'breeze', 'pine', 'rustling', 'piston', 'temple', 'relentless', 'crushing', 'everything', 'sound', 'cry', 'screaming', 'cussing', 'rage', 'bottle', 'wan', 'throw', 'sea', 'never', 'seen', 'ocean', 'lake', 'pumping', 'brake', 'sound', 'beat', 'leave', 'tarnished', 'ring', 'note', 'inside', 'shoe', 'fucked', 'shit', 'katrina', 'push', 'send', 'thing', 'ringing', 'right', 'voice', 'messaging', 'tick', 'tick', 'tick', 'tick', 'left', 'blinker', 'click', 'fast', 'burntout', 'tail', 'light', 'open', 'toe', 'gas', 'heater', 'face', 'compensate', 'chill', 'plastic', 'passenger', 'window', 'thunder', 'new', 'tattoo', 'neck', 'itchin', 'damn', 'thats', 'ill', 'snake', 'said', 'reing', 'pill', 'pop', 'couple', 'driving', 'around', 'wood', 'knew', 'beginning', 'marriage', 'would', 'good', 'told', 'fall', 'first', 'available', 'hottie', 'knew', 'would', 'knew', 'better', 'anybody', 'hed', 'always', 'take', 'first', 'well', 'technically', 'second', 'count', 'time', 'slipped', 'room', 'wa', 'seven', 'told', 'loved', 'everything', 'wa', 'okay', 'wa', 'week', 'took', 'mother', 'away', 'dress', 'like', 'princess', 'come', 'party', 'tired', 'burning', 'numb', 'little', 'bit', 'dirt', 'never', 'hurt', 'nobody', 'always', 'protect', 'thing', 'know', 'true', 'fucked', 'shoes', 'taken', 'placed', 'upon', 'bank', 'crickets', 'distance', 'dissonant', 'brake', 'hes', 'fine', 'minute', 'reflecting', 'day', 'joy', 'slipped', 'back', 'sinister', 'way', 'well', 'could', 'justify', 'every', 'choice', 'hed', 'make', 'little', 'control', 'little', 'girl', 'could', 'ever', 'take', 'little', 'cared', 'moment', 'would', 'wake', 'hopefully', 'wa', 'little', 'shed', 'remember', 'ache', 'toe', 'water', 'ice', 'codeine', 'dimming', 'star', 'muffling', 'scream', 'waist', 'wading', 'dream', 'pulse', 'racing', 'causing', 'surface', 'tension', 'steam', 'water', 'chest', 'lung', 'fighting', 'collapse', 'frog', 'see', 'best', 'think', 'start', 'laugh', 'water', 'eyelid', 'bout', 'pas', 'could', 'rid', 'last', 'ripple', 'disappear', 'nothing', 'left', 'show', 'never', 'concluded', 'end', 'high', 'low', 'away', 'tomorrow', 'itll', 'perfect', 'shade', 'blue', 'fucked', 'fucked', 'fucked', 'fucked']"
30802,Alt-j,Lovely Day,['Rock'],"['night', 'line', 'wake', 'morning', 'light', 'sunlight', 'hurt', 'eye', 'something', 'without', 'warning', 'love', 'bears', 'heavy', 'mind', 'look', 'look', 'look', 'look', 'look', 'world', 'alright', 'one', 'look', 'one', 'look', 'one', 'look', 'know', 'gon', 'lovely', 'day', 'night', 'line', 'night', 'line', 'day', 'lie', 'ahead', 'seems', 'impossible', 'face', 'someone', 'else', 'instead', 'always', 'seems', 'know', 'way', 'look', 'world', 'alright', 'one', 'look', 'know', 'gon', 'lovely', 'day', 'night', 'line', 'night', 'line', 'night', 'line', 'night', 'line', 'night', 'line']"
