,primary_artist,title,tags,lyrics
30165,Banks,Gemini Feed,"['Alternative', 'Electronic', 'Pop', 'R&B']","['think', 'would', 'get', 'altar', 'like', 'follow', 'around', 'like', 'dog', 'need', 'water', 'admit', 'wanted', 'smaller', 'wouldve', 'let', 'grow', 'couldve', 'kept', 'love', 'open', 'eye', 'theres', 'nothing', 'body', 'left', 'see', 'tried', 'thousand', 'time', 'tried', 'say', 'love', 'didnt', 'hear', 'youre', 'passiveaggressive', 'convinced', 'people', 'dont', 'care', 'youre', 'passiveaggressive', 'youre', 'passiveaggressive', 'youre', 'passiveaggressive', 'hey', 'think', 'would', 'get', 'altar', 'like', 'follow', 'around', 'like', 'dog', 'need', 'water', 'admit', 'wanted', 'smaller', 'wouldve', 'let', 'grow', 'couldve', 'kept', 'love', 'ode', 'two', 'thigh', 'still', 'want', 'kiss', 'cause', 'theyre', 'lonely', 'surprised', 'said', 'miss', 'never', 'believed', 'depressive', 'together', 'gemini', 'feed', 'depressive', 'depressive', 'depressive', 'hey', 'think', 'would', 'get', 'altar', 'like', 'follow', 'around', 'like', 'dog', 'need', 'water', 'admit', 'wanted', 'smaller', 'wouldve', 'let', 'grow', 'couldve', 'kept', 'love', 'think', 'would', 'get', 'altar', 'like', 'follow', 'around', 'like', 'dog', 'need', 'water', 'admit', 'wanted', 'smaller', 'wouldve', 'let', 'grow', 'couldve', 'kept', 'love', 'think', 'would', 'get', 'altar', 'like', 'follow', 'around', 'like', 'dog', 'need', 'water', 'admit', 'wanted', 'smaller', 'wouldve', 'let', 'grow', 'couldve', 'kept', 'love']"
30166,Banks,Beggin for Thread,"['Alternative Pop', 'Electronic', 'Alternative', 'R&B', 'Pop']","['got', 'edge', 'scratch', 'sometimes', 'dont', 'got', 'filter', 'tired', 'eating', 'misspoken', 'word', 'know', 'disposition', 'get', 'confusing', 'disproportionate', 'reaction', 'fuse', 'eager', 'state', 'wan', 'come', 'play', 'yeah', 'stooped', 'got', 'beggin', 'thread', 'sew', 'hole', 'ripped', 'head', 'stupidly', 'think', 'control', 'strapped', 'something', 'dont', 'understand', 'dont', 'know', 'getting', 'known', 'secretly', 'think', 'knew', 'got', 'dirt', 'shoe', 'word', 'come', 'pistol', 'good', 'aiming', 'aim', 'know', 'action', 'may', 'get', 'confusing', 'unstable', 'way', 'solution', 'even', 'space', 'thats', 'want', 'come', 'play', 'yeah', 'stooped', 'got', 'beggin', 'thread', 'sew', 'hole', 'ripped', 'head', 'stupidly', 'think', 'control', 'strapped', 'something', 'dont', 'understand', 'dont', 'know', 'getting', 'known', 'secretly', 'think', 'knew', 'hold', 'try', 'hide', 'track', 'better', 'hold', 'try', 'hide', 'track', 'better', 'hold', 'try', 'hide', 'track', 'better', 'hold', 'try', 'hide', 'track', 'better', 'stooped', 'got', 'beggin', 'thread', 'sew', 'hole', 'ripped', 'head', 'stupidly', 'think', 'control', 'strapped', 'something', 'dont', 'understand', 'dont', 'know', 'getting', 'known', 'secretly', 'think', 'knew']"
30167,Banks,Fuck with Myself,"['Alternative', 'R&B', 'Electronic', 'Pop']","['got', 'two', 'diamond', 'feather', 'gim', 'three', 'reason', 'together', 'push', 'body', 'floor', 'like', 'cause', 'fuck', 'anybody', 'else', 'corner', 'waiting', 'love', 'put', 'two', 'wall', 'behind', 'lean', 'gon', 'need', 'cuz', 'stood', 'cause', 'fuck', 'anybody', 'else', 'cause', 'fuck', 'anybody', 'else', 'love', 'used', 'care', 'think', 'love', 'cause', 'love', 'good', 'fuck', 'anybody', 'else', 'caught', 'fishing', 'fodder', 'whole', 'relationship', 'water', 'facing', 'age', 'third', 'strike', 'cause', 'fuck', 'anybody', 'else', 'cause', 'fuck', 'anybody', 'else', 'love', 'used', 'care', 'think', 'love', 'cause', 'love', 'good', 'fuck', 'anybody', 'else', 'used', 'nickel', 'say', 'baby', 'word', 'would', 'burn', 'third', 'degree', 'baby', 'look', 'come', 'cause', 'love', 'one', 'love', 'one', 'fuck', 'anybody', 'else', 'love', 'used', 'care', 'think', 'love', 'cause', 'love', 'good', 'fuck', 'anybody', 'else']"
30168,Banks,This is What It Feels Like,"['Alternative R&B', 'Electronic', 'Pop', 'R&B']","['hang', 'everything', 'say', 'know', 'see', 'thing', 'imply', 'secretly', 'love', 'finally', 'let', 'fall', 'hard', 'see', 'trying', 'pretend', 'like', 'making', 'feel', 'like', 'feel', 'like', 'bring', 'bring', 'bring', 'bring', 'feel', 'like', 'getting', 'old', 'bring', 'bring', 'remember', 'first', 'love', 'made', 'said', 'sleep', 'cause', 'told', 'caught', 'guard', 'saw', 'felt', 'pulled', 'away', 'started', 'acting', 'like', 'wa', 'hard', 'feel', 'like', 'feel', 'like', 'feel', 'like', 'bring', 'bring', 'bring', 'bring', 'feel', 'like', 'getting', 'old', 'bring', 'bring', 'bring', 'bring', 'bring', 'bring', 'feel', 'like', 'getting', 'old', 'bring', 'bring', 'bring', 'bring', 'bring', 'bring', 'feel', 'like', 'getting', 'old', 'bring', 'bring']"
30169,Banks,Brain,"['Electronic', 'Alternative', 'Pop', 'R&B']","['could', 'foreseen', 'would', 'act', 'like', 'cool', 'seem', 'blending', 'scene', 'wearing', 'think', 'hard', 'see', 'struggling', 'boy', 'dont', 'hurt', 'brain', 'thinking', 'youre', 'gon', 'say', 'cause', 'everythings', 'game', 'always', 'trying', 'calculate', 'trying', 'look', 'smart', 'smart', 'threaten', 'anything', 'say', 'could', 'foreseen', 'would', 'act', 'like', 'cool', 'seem', 'blending', 'scene', 'wearing', 'think', 'hard', 'see', 'struggling', 'boy', 'dont', 'hurt', 'brain', 'thinking', 'youre', 'gon', 'say', 'cause', 'everythings', 'game', 'always', 'trying', 'calculate', 'trying', 'look', 'smart', 'smart', 'threaten', 'everything', 'say']"
30170,Banks,Someone New,"['Alternative', 'Electronic', 'R&B', 'Pop']","['love', 'desperately', 'though', 'love', 'aint', 'guaranteed', 'wish', 'knew', 'deal', 'got', 'learn', 'far', 'away', 'simply', 'needed', 'space', 'space', 'think', 'need', 'though', 'know', 'call', 'selfish', 'assuming', 'still', 'got', 'round', 'finger', 'even', 'though', 'far', 'away', 'please', 'believe', 'say', 'everything', 'gon', 'think', 'dont', 'know', 'else', 'got', 'got', 'baby', 'everything', 'make', 'make', 'baby', 'patient', 'please', 'dont', 'fall', 'love', 'someone', 'new', 'promise', 'one', 'day', 'ill', 'come', 'back', 'say', 'hate', 'burn', 'word', 'calling', 'fool', 'saying', 'ive', 'fucked', 'everything', 'youll', 'never', 'forgive', 'though', 'baby', 'cant', 'see', 'thing', 'loving', 'someone', 'much', 'need', 'give', 'time', 'let', 'breathe', 'dont', 'understand', 'wish', 'understood', 'hope', 'one', 'day', 'everything', 'gon', 'think', 'dont', 'know', 'else', 'got', 'got', 'baby', 'everything', 'make', 'make', 'baby', 'patient', 'please', 'dont', 'fall', 'love', 'someone', 'new', 'promise', 'one', 'day', 'ill', 'come', 'back', 'believe', 'believe', 'meant', 'together', 'told', 'lion', 'know', 'lion', 'supplying', 'time', 'space', 'let', 'grow', 'person', 'know', 'know', 'could', 'ill', 'come', 'back', 'ready', 'baby', 'aint', 'ready', 'ready', 'please', 'dont', 'hate', 'everything', 'gon', 'think', 'dont', 'know', 'else', 'got', 'got', 'baby', 'everything', 'make', 'make', 'baby', 'patient', 'please', 'dont', 'fall', 'love', 'someone', 'new', 'promise', 'one', 'day', 'ill', 'come', 'back', 'promise', 'one', 'day', 'ill', 'come', 'back', 'promise', 'one', 'day', 'ill', 'come', 'back', 'promise', 'baby', 'one', 'day', 'ill', 'come', 'back', 'promise', 'baby', 'one', 'day', 'ill', 'come', 'back']"
30171,Banks,Change,"['Electronic', 'Alternative', 'Pop', 'R&B']","['always', 'cold', 'youd', 'selfincriminate', 'avoiding', 'question', 'calling', 'instigator', 'cut', 'always', 'calling', 'unstable', 'easily', 'make', 'cry', 'cause', 'mood', 'youd', 'say', 'call', 'would', 'say', 'need', 'attention', 'put', 'makeup', 'ironically', 'look', 'good', 'cut', 'piece', 'watched', 'disintegrate', 'cause', 'like', 'tell', 'hate', 'way', 'enough', 'youd', 'say', 'baby', 'dont', 'didnt', 'know', 'ill', 'change', 'swear', 'ill', 'change', 'swear', 'baby', 'dont', 'ill', 'make', 'wait', 'promise', 'ill', 'better', 'thing', 'change', 'baby', 'dont', 'didnt', 'know', 'ill', 'change', 'swear', 'ill', 'change', 'swear', 'baby', 'dont', 'ill', 'make', 'wait', 'promise', 'ill', 'better', 'thing', 'change', 'never', 'guilty', 'say', 'aint', 'fault', 'emotionally', 'abusive', 'daddy', 'cause', 'dont', 'know', 'act', 'poor', 'poor', 'baby', 'say', 'cant', 'help', 'fact', 'youre', 'crazy', 'youre', 'good', 'making', 'feel', 'guilty', 'trying', 'walk', 'away', 'tired', 'mad', 'youd', 'say', 'baby', 'dont', 'didnt', 'know', 'ill', 'change', 'swear', 'ill', 'change', 'swear', 'baby', 'dont', 'ill', 'make', 'wait', 'promise', 'ill', 'better', 'thing', 'change', 'baby', 'dont', 'didnt', 'know', 'ill', 'change', 'swear', 'ill', 'change', 'swear', 'baby', 'dont', 'ill', 'make', 'wait', 'promise', 'ill', 'better', 'thing', 'change', 'ill', 'change', 'ill', 'change', 'ill', 'change']"
30172,Banks,Warm Water,"['Electronic', 'Alternative', 'Pop', 'R&B']","['looking', 'know', 'name', 'yet', 'time', 'looked', 'away', 'already', 'knew', 'couldnt', 'fake', 'got', 'need', 'forming', 'beating', 'heart', 'knew', 'meaning', 'right', 'away', 'yesterday', 'world', 'apart', 'think', 'may', 'love', 'give', 'time', 'maybe', 'youll', 'love', 'got', 'thing', 'come', 'closer', 'whisper', 'ear', 'wan', 'walk', 'away', 'ill', 'tell', 'thing', 'know', 'wan', 'hear', 'ill', 'come', 'closer', 'come', 'know', 'farther', 'farther', 'warm', 'water', 'swimming', 'think', 'may', 'love', 'give', 'time', 'maybe', 'youll', 'love', 'ill', 'come', 'closer', 'come', 'know', 'farther', 'farther', 'warm', 'water', 'swimming', 'ill', 'come', 'closer', 'come', 'know', 'farther', 'farther', 'warm', 'water', 'swimming']"
30173,Banks,Before I Ever Met You,"['Electronic', 'Alternative', 'Pop', 'R&B']","['everyone', 'know', 'right', 'one', 'thing', 'dont', 'work', 'bring', 'mean', 'bring', 'insecurity', 'know', 'talking', 'bout', 'eventually', 'youll', 'fine', 'break', 'one', 'day', 'ill', 'fine', 'end', 'someone', 'get', 'hurt', 'house', 'ill', 'move', 'keep', 'dog', 'trained', 'things', 'soon', 'like', 'ever', 'met', 'ever', 'met', 'ever', 'met', 'never', 'knew', 'heart', 'could', 'love', 'hard', 'ever', 'met', 'never', 'knew', 'would', 'enemy', 'disregard', 'ever', 'met', 'never', 'knew', 'liked', 'kissed', 'day', 'ever', 'met', 'never', 'knew', 'could', 'broken', 'many', 'way', 'way', 'never', 'knew', 'could', 'broken', 'many', 'way', 'way', 'never', 'knew', 'could', 'broken', 'many', 'everyone', 'know', 'right', 'one', 'thing', 'vice', 'got', 'addicted', 'trying', 'bulletproof', 'much', 'lose', 'house', 'ill', 'move', 'keep', 'dog', 'trained', 'things', 'soon', 'like', 'ever', 'met', 'ever', 'met', 'ever', 'met', 'never', 'knew', 'heart', 'could', 'love', 'hard', 'ever', 'met', 'never', 'knew', 'could', 'enemy', 'disregard', 'ever', 'met', 'never', 'knew', 'liked', 'kissed', 'day', 'ever', 'met', 'never', 'knew', 'could', 'broken', 'many', 'way', 'way', 'never', 'knew', 'could', 'broken', 'many', 'way', 'way', 'never', 'knew', 'could', 'broken', 'many', 'everyone', 'know', 'right', 'one', 'thing', 'dont', 'work']"
30174,Banks,Drowning,"['Electronic', 'Alternative', 'Pop', 'R&B']","['try', 'lie', 'see', 'dont', 'need', 'word', 'theyve', 'cursed', 'dishonesty', 'take', 'girl', 'claim', 'love', 'youre', 'gon', 'get', 'bad', 'karma', 'one', 'learn', 'build', 'heart', 'made', 'armor', 'girl', 'made', 'soup', 'tied', 'shoe', 'hurting', 'deserving', 'deserving', 'see', 'wanted', 'cold', 'youre', 'bold', 'youre', 'watching', 'moan', 'try', 'hide', 'see', 'dont', 'see', 'gain', 'name', 'youre', 'calling', 'take', 'girl', 'claim', 'love', 'youre', 'gon', 'get', 'bad', 'karma', 'one', 'learn', 'build', 'heart', 'made', 'armor', 'girl', 'made', 'soup', 'tied', 'shoe', 'hurting', 'deserving', 'deserving', 'see', 'wanted', 'cold', 'youre', 'bold', 'youre', 'watching', 'moan', 'holding', 'like', 'could', 'pull', 'cause', 'drowning', 'cause', 'drowning', 'follow', 'water', 'show', 'sinking', 'deeper', 'let', 'know', 'cause', 'drowning', 'follow', 'water', 'show', 'sinking', 'deeper', 'let', 'know', 'cause', 'drowning', 'follow', 'water', 'show', 'sinking', 'deeper', 'let', 'know', 'cause', 'drowning', 'follow', 'water', 'show', 'sinking', 'deeper', 'let', 'know', 'cause', 'drowning']"
30175,Banks,Mind Games,"['Alternative', 'R&B', 'Electronic', 'Pop']","['foresee', 'true', 'would', 'love', 'better', 'couldnt', 'screw', 'move', 'make', 'wan', 'run', 'away', 'got', 'stuck', 'faulty', 'leg', 'believe', 'true', 'would', 'screw', 'let', 'bedroom', 'try', 'move', 'away', 'cause', 'know', 'like', 'mind', 'game', 'ever', 'notice', 'ive', 'standing', 'dont', 'know', 'ever', 'even', 'see', 'try', 'youoohooh', 'see', 'youoohoohoh', 'see', 'youoohooh', 'see', 'see', 'see', 'see', 'ohohohohoh', 'ohohohohoh', 'ohohohohoh', 'ohohohohoh', 'bet', 'look', 'amusing', 'cause', 'addiction', 'contradiction', 'make', 'confusing', 'walk', 'away', 'scared', 'wont', 'find', 'mus', 'cause', 'know', 'like', 'golden', 'day', 'dont', 'understand', 'claiming', 'handful', 'show', 'emptyhanded', 'way', 'say', 'love', 'like', 'youve', 'reprimanded', 'cause', 'know', 'like', 'mind', 'game', 'ever', 'notice', 'ive', 'standing', 'dont', 'know', 'ever', 'even', 'see', 'try', 'youoohooh', 'see', 'youoohoohoh', 'see', 'youoohooh', 'see', 'see', 'see', 'youoohooh', 'see', 'youoohoohoh', 'see', 'youoohooh', 'see', 'see', 'see', 'see', 'ohohohohoh', 'ohohohohoh', 'ohohohohoh', 'ohohohohoh', 'ohohohohoh', 'ohohohohoh', 'ohohohohoh', 'ohohohohoh', 'ohohohohoh', 'ohohohohoh', 'ohohohohoh', 'ohohohohoh', 'see', 'see', 'see']"
30176,Banks,Trainwreck,"['Pop', 'R&B', 'Alternative', 'Electronic']","['hey', 'heard', 'state', 'told', 'never', 'gon', 'let', 'get', 'away', 'took', 'fishing', 'would', 'never', 'give', 'bait', 'get', 'away', 'get', 'away', 'ayay', 'hey', 'try', 'compensate', 'thinking', 'one', 'brain', 'decapitate', 'showed', 'letter', 'shouldve', 'confiscated', 'eye', 'weighted', 'get', 'away', 'talking', 'ear', 'deaf', 'long', 'remember', 'selfmedicated', 'handicap', 'speak', 'try', 'hard', 'get', 'stupid', 'deaf', 'ear', 'hear', 'ive', 'become', 'illiterate', 'ive', 'become', 'dumb', 'come', 'dark', 'blue', 'saved', 'darker', 'day', 'born', 'take', 'care', 'thought', 'maybe', 'wa', 'phase', 'hey', 'heard', 'state', 'told', 'never', 'gon', 'let', 'get', 'away', 'took', 'fishing', 'would', 'never', 'give', 'bait', 'get', 'away', 'get', 'away', 'get', 'away', 'hey', 'try', 'compensate', 'thinking', 'one', 'brain', 'decapitate', 'showed', 'letter', 'shouldve', 'confiscated', 'eye', 'weighted', 'get', 'away', 'shot', 'guy', 'never', 'wanted', 'kiss', 'hear', 'singing', 'ringing', 'triumphing', 'chugging', 'along', 'train', 'heading', 'wrong', 'way', 'trainwreck', 'heart', 'go', 'beat', 'beat', 'beat', 'music', 'sad', 'song', 'quite', 'depressing', 'fixing', 'problem', 'youre', 'talking', 'idiot', 'come', 'dark', 'blue', 'saved', 'darker', 'day', 'born', 'take', 'care', 'thought', 'maybe', 'wa', 'phase', 'baby', 'maybe', 'dreamer', 'soon', 'found', 'train', 'track', 'behind', 'tried', 'warn', 'ear', 'went', 'come', 'dark', 'blue', 'saved', 'darker', 'day', 'born', 'take', 'care', 'thought', 'maybe', 'wa', 'phase', 'hey', 'heard', 'state', 'told', 'never', 'gon', 'let', 'get', 'away', 'took', 'fishing', 'would', 'never', 'give', 'bait', 'get', 'away', 'get', 'away', 'get', 'away', 'hey', 'try', 'compensate', 'thinking', 'one', 'brain', 'decapitate', 'showed', 'letter', 'shouldve', 'confiscated', 'eye', 'weighted', 'get', 'away']"
30177,Banks,Poltergeist,"['Pop', 'R&B', 'Alternative', 'Electronic']","['started', 'war', 'started', 'war', 'ive', 'getting', 'message', 'deep', 'water', 'resentful', 'caretaker', 'blame', 'false', 'indicator', 'mistaken', 'mistake', 'crooked', 'nature', 'god', 'think', 'saw', 'ghost', 'follow', 'everywhere', 'dont', 'even', 'try', 'get', 'creative', 'smell', 'clown', 'looking', 'goofy', 'dressed', 'native', 'whyd', 'call', 'dont', 'even', 'know', 'acting', 'like', 'fool', 'mull', 'make', 'away', 'wont', 'even', 'know', 'baby', 'looking', 'cool', 'smoking', 'clover', 'started', 'war', 'started', 'war', 'ive', 'getting', 'message', 'deep', 'water', 'resentful', 'caretaker', 'blame', 'false', 'indicator', 'mistaken', 'mistake', 'crooked', 'nature', 'god', 'think', 'saw', 'ghost', 'walking', 'around', 'home', 'street', 'pardon', 'cut', 'shoulder', 'youve', 'affected', 'smell', 'chemical', 'dont', 'see', 'miracle', 'pinnacle', 'youre', 'material', 'get', 'money', 'yeah', 'yeah', 'yeah', 'yeah', 'yeah', 'yeah', 'yeah', 'yeah', 'yyeah', 'yeah', 'yeah', 'yeah', 'yeah', 'yeah', 'yeah', 'yeah', 'yeah', 'yeah', 'yeah', 'yeah', 'yeah', 'yeah', 'yeah', 'yeah', 'yyeah', 'yeah', 'yeah', 'yeah', 'started', 'war', 'started', 'war', 'ive', 'getting', 'message', 'deep', 'water', 'resentful', 'caretaker', 'blame', 'false', 'indicator', 'mistaken', 'mistake', 'crooked', 'nature']"
30178,Banks,Crowded Places,"['Electronic', 'Pop', 'Alternative']","['hey', 'hey', 'hey', 'hey', 'hey', 'hey', 'hey', 'hey', 'hey', 'hey', 'hey', 'hey', 'hey', 'hey', 'hey', 'hey', 'wan', 'get', 'space', 'wan', 'take', 'different', 'place', 'know', 'touring', 'romantic', 'know', 'see', 'frantic', 'girl', 'give', 'want', 'know', 'like', 'way', 'held', 'temper', 'gave', 'world', 'gave', 'world', 'heart', 'let', 'cause', 'ive', 'scared', 'crowded', 'place', 'come', 'ill', 'take', 'home', 'cause', 'ive', 'scared', 'crowded', 'place', 'come', 'ill', 'take', 'home', 'know', 'messed', 'head', 'wa', 'left', 'wa', 'blowing', 'said', 'remember', 'loved', 'right', 'tour', 'said', 'didnt', 'want', 'see', 'anymore', 'got', 'home', 'played', 'show', 'shit', 'wa', 'gone', 'wa', 'time', 'thought', 'made', 'mistake', 'want', 'hold', 'thought', 'wanted', 'hold', 'cause', 'ive', 'scared', 'crowded', 'place', 'come', 'ill', 'take', 'home', 'cause', 'ive', 'scared', 'crowded', 'place', 'come', 'ill', 'take', 'home', 'fall', 'death', 'talk', 'life', 'dont', 'know', 'maybe', 'mean', 'well', 'fall', 'grace', 'itd', 'face', 'youll', 'see', 'youll', 'see', 'youll', 'see', 'youll', 'see', 'cause', 'ive', 'scared', 'crowded', 'place', 'ive', 'scared', 'crowded', 'place', 'cause', 'ive', 'scared', 'crowded', 'place', 'ive', 'scared', 'crowded', 'place', 'cause', 'ive', 'scared', 'crowded', 'place', 'ive', 'scared', 'crowded', 'place', 'cause', 'ive', 'scared', 'crowded', 'place', 'ive', 'scared', 'crowded', 'place', 'cause', 'ive', 'scared', 'crowded', 'place', 'ive', 'scared', 'crowded', 'place', 'hey', 'hey', 'hey', 'hey', 'hey', 'hey', 'hey', 'hey', 'hey', 'hey', 'hey', 'hey', 'hey', 'hey', 'hey', 'hey']"
30179,Banks,Underdog,"['R&B', 'Electronic', 'Pop']","['dont', 'want', 'dont', 'want', 'cause', 'fake', 'better', 'hurry', 'make', 'itd', 'good', 'story', 'came', 'back', 'underdog', 'came', 'back', 'underdog', 'ill', 'call', 'drunken', 'word', 'honest', 'baby', 'worry', 'came', 'like', 'faucet', 'drippin', 'word', 'prayin', 'came', 'back', 'underdog', 'came', 'back', 'underdog', 'come', 'bed', 'come', 'back', 'heaven', 'back', 'bed', 'come', 'back', 'heaven', 'back', 'bed', 'come', 'back', 'heaven', 'back', 'bed', 'dont', 'step', 'know', 'like', 'bath', 'bubbly', 'andawhenacomeatoyakisses', 'like', 'gluttony', 'even', 'though', 'got', 'reputation', 'unaccompanied', 'baby', 'could', 'make', 'baby', 'could', 'make', 'underdog', 'baby', 'could', 'make', 'baby', 'could', 'make', 'underdog', 'pleading', 'want', 'mean', 'better', 'back', 'breath', 'getting', 'heated', 'baby', 'hurry', 'cause', 'come', 'back', 'underdog', 'cause', 'come', 'back', 'underdog', 'come', 'bed', 'come', 'back', 'heaven', 'back', 'bed', 'come', 'back', 'heaven', 'back', 'bed', 'come', 'back', 'heaven', 'back', 'bed', 'dont', 'step', 'know', 'like', 'bath', 'bubbly', 'andawhenacomeatoyakisses', 'like', 'gluttony', 'even', 'though', 'got', 'reputation', 'unaccompanied', 'baby', 'could', 'make', 'baby', 'could', 'make', 'underdog', 'baby', 'could', 'make', 'baby', 'could', 'make', 'underdog', 'got', 'wanted', 'ill', 'say', 'weve', 'already', 'started', 'dont', 'throw', 'away', 'know', 'got', 'lets', 'today', 'ayy', 'ayy', 'ayy', 'ayy', 'dont', 'step', 'know', 'like', 'bath', 'bubbly', 'andawhenacomeatoyakisses', 'like', 'gluttony', 'even', 'though', 'got', 'reputation', 'unaccompanied', 'baby', 'could', 'make', 'baby', 'could', 'make', 'underdog', 'dont', 'step', 'know', 'like', 'bath', 'bubbly', 'andawhenacomeatoyakisses', 'like', 'gluttony', 'even', 'though', 'got', 'reputation', 'unaccompanied', 'baby', 'could', 'make', 'baby', 'could', 'make', 'underdog', 'baby', 'could', 'make', 'baby', 'could', 'make', 'underdog', 'baby', 'could', 'make', 'baby', 'could', 'make', 'underdog']"
30180,Banks,Lovesick,"['R&B', 'Alternative', 'Electronic', 'Pop']","['please', 'call', 'baby', 'baby', 'baby', 'look', 'long', 'kept', 'waiting', 'look', 'given', 'ooh', 'knew', 'love', 'kissed', 'made', 'miss', 'come', 'get', 'come', 'love', 'baby', 'come', 'love', 'oohah', 'cause', 'lovesick', 'aint', 'even', 'ashamed', 'ahah', 'hard', 'time', 'sheet', 'ahah', 'would', 'spend', 'time', 'ahah', 'cause', 'lovesick', 'please', 'call', 'baby', 'baby', 'baby', 'look', 'long', 'kept', 'waiting', 'look', 'given', 'ooh', 'knew', 'love', 'kissed', 'made', 'miss', 'come', 'get', 'come', 'love', 'baby', 'come', 'love', 'oohah', 'cause', 'lovesick', 'aint', 'even', 'ashamed', 'hard', 'time', 'sheet', 'ahah', 'would', 'spend', 'time', 'ahah', 'cause', 'lovesick', 'oohah', 'cause', 'lovesick', 'aint', 'even', 'ashamed', 'ahah', 'hard', 'time', 'sheet', 'ahah', 'would', 'spend', 'time', 'ahah', 'cause', 'lovesick', 'oohah', 'cause', 'lovesick', 'oohah', 'cause', 'lovesick', 'oohah', 'cause', 'lovesick', 'oohah', 'cause', 'lovesick', 'oohah', 'cause', 'lovesick', 'oohah', 'cause', 'lovesick', 'oohah', 'cause', 'lovesick', 'oohah', 'cause', 'lovesick']"
30181,Banks,Fuck Em Only We Know,"['Alternative', 'Electronic', 'R&B', 'Pop']","['dont', 'mind', 'dont', 'mind', 'everybodys', 'far', 'behind', 'dont', 'care', 'cant', 'understand', 'way', 'want', 'next', 'every', 'day', 'like', 'magnet', 'baby', 'hypnotized', 'even', 'addicted', 'grumpy', 'face', 'know', 'exactly', 'many', 'kiss', 'fit', 'eye', 'run', 'away', 'run', 'away', 'would', 'run', 'life', 'could', 'little', 'bumpy', 'hold', 'wan', 'tell', 'see', 'baby', 'see', 'cause', 'special', 'baby', 'fuck', 'know', 'say', 'youre', 'matter', 'anyway', 'give', 'everything', 'see', 'face', 'come', 'let', 'pretend', 'one', 'else', 'watching', 'play', 'side', 'thats', 'wont', 'hide', 'breathe', 'kiss', 'stay', 'alive', 'see', 'exactly', 'youre', 'thinking', 'feel', 'eye', 'ohohohoh', 'know', 'ohohohoh', 'know', 'ohohohoh', 'know', 'ohohohoh', 'run', 'away', 'run', 'away', 'would', 'run', 'life', 'could', 'little', 'bumpy', 'hold', 'wan', 'tell', 'see', 'baby', 'see', 'cause', 'special', 'baby', 'fuck', 'know', 'run', 'away', 'run', 'away', 'would', 'run', 'life', 'could', 'little', 'bumpy', 'hold', 'wan', 'tell', 'see', 'baby', 'see', 'cause', 'special', 'baby', 'fuck', 'know', 'ohohohoh', 'know', 'ohohohoh', 'know', 'ohohohoh', 'know', 'ohohohoh', 'know', 'ohohohoh', 'know', 'ohohohoh', 'know', 'ohohohoh', 'know', 'ohohohoh', 'know']"
30182,Banks,Weaker Girl,"['Alternative Pop', 'Alternative', 'R&B', 'Pop', 'Electronic']","['tell', 'want', 'think', 'need', 'weaker', 'girl', 'kinda', 'like', 'girl', 'used', 'yeah', 'yeah', 'yeah', 'yeah', 'yeah', 'yeah', 'yeah', 'imma', 'let', 'wan', 'imma', 'let', 'say', 'wan', 'say', 'cause', 'imma', 'need', 'bad', 'motherfucker', 'like', 'let', 'tell', 'something', 'bout', 'way', 'moved', 'let', 'tell', 'mad', 'way', 'grew', 'strong', 'nah', 'nah', 'think', 'need', 'weaker', 'girl', 'yeah', 'cause', 'imma', 'need', 'bad', 'motherfucker', 'like', 'imma', 'need', 'bad', 'imma', 'need', 'bad', 'imma', 'need', 'bad', 'imma', 'need', 'bad', 'motherfucker', 'like', 'hey', 'hey', 'motherfucker', 'like', 'hey', 'hey', 'imma', 'need', 'bad', 'imma', 'need', 'bad', 'imma', 'need', 'bad', 'imma', 'need', 'bad', 'motherfucker', 'like', 'hey', 'hey', 'motherfucker', 'like', 'hey', 'hey', 'tell', 'wanted', 'bet', 'wanted', 'follow', 'kinda', 'like', 'girl', 'used', 'yeah', 'yeah', 'yeah', 'yeah', 'yeah', 'yeah', 'yeah', 'imma', 'let', 'know', 'dont', 'wan', 'know', 'gon', 'see', 'gon', 'see', 'cause', 'imma', 'need', 'bad', 'motherfucker', 'like', 'let', 'tell', 'something', 'bout', 'way', 'moved', 'let', 'tell', 'mad', 'way', 'grew', 'strong', 'nah', 'nah', 'think', 'need', 'weaker', 'girl', 'yeah', 'cause', 'imma', 'need', 'bad', 'motherfucker', 'like', 'like', 'think', 'need', 'weaker', 'girl', 'yeah', 'cause', 'imma', 'need', 'bad', 'motherfucker', 'like', 'imma', 'need', 'bad', 'imma', 'need', 'bad', 'imma', 'need', 'bad', 'imma', 'need', 'bad', 'motherfucker', 'like', 'hey', 'hey', 'motherfucker', 'like', 'hey', 'hey', 'imma', 'need', 'bad', 'imma', 'need', 'bad', 'imma', 'need', 'bad', 'imma', 'need', 'bad', 'motherfucker', 'like', 'hey', 'hey', 'motherfucker', 'like', 'hey', 'hey', 'imma', 'need', 'bad', 'imma', 'need', 'bad', 'imma', 'need', 'bad', 'imma', 'need', 'bad', 'motherfucker', 'like', 'hey', 'hey', 'motherfucker', 'like', 'hey', 'hey', 'imma', 'need', 'bad', 'imma', 'need', 'bad', 'imma', 'need', 'bad', 'imma', 'need', 'bad', 'motherfucker', 'like', 'hey', 'hey', 'motherfucker', 'like', 'hey', 'hey']"
30183,Banks,You Should Know Where I’m Coming From,"['Ballad', 'R&B', 'Alternative', 'Pop']","['said', 'would', 'break', 'heart', 'said', 'problem', 'made', 'mean', 'knew', 'would', 'rip', 'mind', 'apart', 'would', 'let', 'maybe', 'stop', 'start', 'maybe', 'see', 'may', 'crazy', 'love', 'told', 'solitude', 'fit', 'like', 'glove', 'would', 'let', 'ought', 'know', 'coming', 'wa', 'alone', 'burned', 'home', 'piece', 'torn', 'thrown', 'know', 'coming', 'said', 'wa', 'young', 'said', 'wa', 'built', 'brick', 'carelessness', 'crumb', 'said', 'gone', 'could', 'come', 'would', 'let', 'ought', 'know', 'coming', 'wa', 'alone', 'burned', 'home', 'piece', 'torn', 'thrown', 'know', 'coming', 'soul', 'outweighs', 'turn', 'away', 'low', 'blow', 'boy', 'shouldve', 'known', 'ought', 'know', 'coming', 'wa', 'alone', 'burned', 'home', 'piece', 'torn', 'thrown', 'know', 'coming', 'ought', 'know', 'coming', 'wa', 'alone', 'burned', 'home', 'piece', 'torn', 'thrown', 'know', 'coming']"
30184,Banks,Judas,"['Alternative', 'R&B', 'Electronic', 'Pop']","['hey', 'hey', 'hey', 'hey', 'never', 'came', 'around', 'make', 'house', 'home', 'put', 'pedestal', 'sat', 'throne', 'found', 'skeleton', 'closet', 'full', 'bone', 'see', 'take', 'pride', 'bloody', 'eye', 'know', 'youre', 'stoned', 'hear', 'resentment', 'tone', 'said', 'never', 'make', 'maybe', 'better', 'alone', 'dumb', 'deal', 'numb', 'feel', 'knife', 'back', 'judas', 'hey', 'judas', 'hey', 'judas', 'hey', 'judas', 'hey', 'see', 'coming', 'mile', 'away', 'mystique', 'pretentiousness', 'fading', 'reminiscing', 'backwards', 'way', 'youd', 'make', 'stay', 'beggin', 'thread', 'think', 'need', 'change', 'brain', 'hear', 'resentment', 'tone', 'said', 'never', 'make', 'maybe', 'better', 'alone', 'dumb', 'deal', 'numb', 'feel', 'knife', 'back', 'judas', 'hey', 'judas', 'hey', 'judas', 'hey', 'judas', 'hey', 'dont', 'need', 'make', 'effort', 'effortless', 'nothing', 'last', 'forever', 'youre', 'pessimist', 'wa', 'prize', 'possession', 'wa', 'exorcist', 'thought', 'wa', 'heaven', 'sent', 'left', 'hell', 'hear', 'resentment', 'tone', 'said', 'never', 'make', 'maybe', 'better', 'alone', 'dumb', 'deal', 'numb', 'feel', 'knife', 'back', 'judas', 'hey', 'judas', 'hey', 'judas', 'hey', 'judas', 'hey', 'judas', 'hey', 'judas', 'hey', 'judas', 'hey', 'judas', 'hey', 'hey', 'hey', 'hey', 'hey', 'hey', 'hey', 'hey', 'hey', 'hey']"
30185,Banks,Stick,"['Electronic', 'R&B', 'Alternative', 'Pop']","['call', 'shelter', 'cause', 'sick', 'make', 'come', 'quick', 'hard', 'think', 'straight', 'cause', 'licorice', 'stick', 'call', 'shelter', 'cause', 'sick', 'make', 'come', 'quick', 'hard', 'think', 'straight', 'cause', 'licorice', 'stick', 'got', 'take', 'home', 'living', 'hard', 'time', 'living', 'hard', 'time', 'baby', 'think', 'know', 'think', 'time', 'youre', 'gon', 'make', 'whine', 'baby', 'dont', 'wan', 'leave', 'youll', 'sorry', 'cause', 'honestly', 'make', 'feel', 'better', 'day', 'look', 'youve', 'done', 'call', 'see', 'belong', 'call', 'shelter', 'cause', 'sick', 'make', 'come', 'quick', 'hard', 'think', 'straight', 'cause', 'licorice', 'stick', 'call', 'shelter', 'cause', 'sick', 'make', 'come', 'quick', 'hard', 'think', 'straight', 'cause', 'licorice', 'stick', 'tell', 'got', 'baby', 'wan', 'know', 'taste', 'wan', 'know', 'taste', 'keep', 'warm', 'baby', 'call', 'fire', 'maybe', 'ill', 'fire', 'baby', 'dont', 'wan', 'leave', 'youll', 'sorry', 'cause', 'honestly', 'make', 'feel', 'better', 'day', 'look', 'youve', 'done', 'call', 'see', 'belong', 'call', 'shelter', 'cause', 'sick', 'make', 'come', 'quick', 'hard', 'think', 'straight', 'cause', 'licorice', 'stick', 'call', 'shelter', 'cause', 'sick', 'make', 'come', 'quick', 'hard', 'think', 'straight', 'cause', 'licorice', 'stick', 'tell', 'love', 'tell', 'youre', 'tell', 'youre', 'tell', 'love', 'tell', 'youre', 'tell', 'youre', 'tell', 'love', 'tell', 'youre', 'tell', 'youre', 'tell', 'love', 'tell', 'youre', 'tell', 'youre']"
30186,Banks,To the Hilt,"['R&B', 'Alternative', 'Electronic', 'Pop']","['seems', 'long', 'time', 'ago', 'didnt', 'know', 'seen', 'anything', 'believed', 'everything', 'time', 'youd', 'warm', 'hand', 'maybe', 'thing', 'werent', 'easy', 'seem', 'backed', 'hilt', 'backed', 'hilt', 'live', 'house', 'built', 'hated', 'leavin', 'muse', 'long', 'drained', 'creatively', 'miss', 'team', 'hated', 'walkin', 'blew', 'gone', 'say', 'industry', 'miss', 'team', 'people', 'say', 'better', 'couldnt', 'keep', 'still', 'keep', 'one', 'broken', 'piece', 'one', 'fit', 'chip', 'shoulder', 'made', 'master', 'plan', 'thought', 'would', 'standing', 'backed', 'hilt', 'backed', 'hilt', 'live', 'house', 'built', 'hated', 'leavin', 'muse', 'long', 'drained', 'creatively', 'miss', 'team', 'hated', 'walkin', 'blew', 'gone', 'say', 'industry', 'miss', 'team', 'started', 'together', 'youre', 'gone', 'signed', 'forever', 'naive', 'saw', 'superstar', 'wa', 'cave', 'helped', 'see', 'hated', 'leavin', 'muse', 'long', 'drained', 'creatively', 'miss', 'team']"
30187,Banks,Under the Table,"['Electronic', 'R&B', 'Alternative', 'Pop']","['already', 'started', 'tried', 'stop', 'already', 'know', 'something', 'without', 'wont', 'table', 'keep', 'wishing', 'ill', 'come', 'dont', 'something', 'without', 'wont', 'please', 'tell', 'could', 'easy', 'tired', 'waiting', 'permission', 'love', 'heartbreak', 'game', 'learning', 'heart', 'could', 'wont', 'make', 'home', 'already', 'falling', 'couldnt', 'help', 'didnt', 'think', 'risk', 'got', 'problem', 'problem', 'look', 'eye', 'youre', 'mine', 'know', 'still', 'even', 'cursed', 'wont', 'problem', 'okay', 'hurt', 'please', 'tell', 'could', 'easy', 'tired', 'waiting', 'permission', 'love', 'heartbreak', 'game', 'learning', 'heart', 'could', 'wont', 'make', 'home', 'please', 'tell', 'could', 'easy', 'tired', 'waiting', 'permission', 'love', 'heartbreak', 'game', 'learning', 'heart', 'could', 'wont', 'make', 'home', 'please', 'tell', 'could', 'easy', 'tired', 'waiting', 'permission', 'love', 'heartbreak', 'game', 'learning', 'heart', 'could', 'wont', 'make', 'home']"
30189,Banks,27 Hours,"['Alternative', 'R&B', 'Pop', 'Electronic']","['always', 'told', 'love', 'look', 'made', 'got', 'poison', 'pocket', 'told', 'wa', 'bad', 'news', 'demeanour', 'made', 'wait', 'consequence', 'stayed', 'killed', 'everything', 'baby', 'murder', 'wa', 'case', 'baby', 'murder', 'wa', 'case', 'baby', 'murder', 'wa', 'case', 'like', 'fear', 'falling', 'stand', 'looking', 'dumb', 'whyd', 'come', 'first', 'place', 'baby', 'one', 'walk', 'away', 'everything', 'ive', 'done', 'hour', 'since', 'even', 'saw', 'sun', 'since', 'even', 'saw', 'sun', 'since', 'even', 'saw', 'sun', 'tears', 'cry', 'rely', 'disdain', 'waited', 'day', 'never', 'came', 'time', 'fly', 'still', 'carry', 'hour', 'since', 'even', 'saw', 'sun', 'since', 'even', 'saw', 'sun', 'since', 'even', 'saw', 'sun', 'since', 'even', 'saw', 'sun', 'since', 'even', 'saw']"
30190,Banks,This Is Not About Us,"['R&B', 'Alternative', 'Pop', 'Electronic']","['see', 'taking', 'personally', 'see', 'put', 'pride', 'aside', 'ill', 'wait', 'minute', 'try', 'compensate', 'yeah', 'see', 'thinking', 'missing', 'piece', 'puzzle', 'think', 'life', 'ill', 'wait', 'minute', 'try', 'come', 'mine', 'distance', 'treated', 'bad', 'ive', 'covered', 'second', 'dont', 'want', 'live', 'lie', 'reason', 'battered', 'dont', 'matter', 'dont', 'deny', 'ive', 'said', 'much', 'dont', 'ask', 'mmm', 'mmm', 'mmm', 'mmm', 'mmm', 'way', 'could', 'never', 'play', 'cool', 'see', 'wanted', 'say', 'walking', 'away', 'wa', 'big', 'mistake', 'see', 'drinking', 'til', 'cant', 'drive', 'home', 'trying', 'get', 'bed', 'thinking', 'way', 'moving', 'instead', 'distance', 'treated', 'bad', 'ive', 'covered', 'second', 'dont', 'want', 'live', 'lie', 'reason', 'battered', 'dont', 'matter', 'dont', 'deny', 'ive', 'said', 'much', 'dont', 'ask', 'mmm', 'mmm', 'mmm', 'mmm', 'mmm', 'told', 'never', 'mattered', 'never', 'needed', 'tonguetied', 'sold', 'never', 'bought', 'found', 'weak', 'never', 'stood', 'time', 'tried', 'prove', 'mmm', 'mmm', 'mmm', 'mmm', 'mmm', 'mmm', 'mmm', 'mmm', 'yeah', 'yeah', 'yeah', 'yeah', 'yeah', 'yeah', 'yeah']"
30191,Banks,And I Drove You Crazy,"['Alternative', 'R&B', 'Electronic', 'Pop']","['drove', 'crazy', 'drove', 'crazy', 'drove', 'crazy', 'drove', 'crazy', 'drove', 'crazy', 'drove', 'crazy', 'drove', 'crazy', 'drove', 'crazy', 'drove', 'crazy', 'drove', 'crazy', 'drove', 'crazy', 'drove', 'crazy', 'drove', 'crazy', 'drove', 'crazy', 'drove', 'crazy', 'drove', 'crazy', 'even', 'though', 'shouldve', 'known', 'wa', 'bad', 'idea', 'love', 'wanted', 'wa', 'lift', 'wanted', 'wa', 'lift', 'couldnt', 'validate', 'navigate', 'way', 'around', 'wanted', 'wa', 'lift', 'never', 'wanted', 'hurt', 'much', 'touch', 'looking', 'wanted', 'girl', 'anything', 'wanted', 'baby', 'tried', 'looking', 'wanted', 'girl', 'way', 'wanted', 'believe', 'tried', 'looking', 'wanted', 'girl', 'anything', 'wanted', 'baby', 'tried', 'looking', 'wanted', 'girl', 'way', 'wanted', 'believe', 'tried', 'drove', 'crazy', 'drove', 'crazy', 'drove', 'crazy', 'drove', 'crazy', 'drove', 'crazy', 'drove', 'crazy', 'drove', 'crazy', 'drove', 'crazy', 'ooh', 'see', 'looking', 'back', 'know', 'blocked', 'red', 'flag', 'shoulda', 'seen', 'would', 'mess', 'shoulda', 'seen', 'would', 'mess', 'ooh', 'know', 'youre', 'hurt', 'know', 'youre', 'hurt', 'drove', 'crazy', 'shoulda', 'seen', 'mess', 'shoulda', 'seen', 'eventually', 'would', 'give', 'looking', 'wanted', 'girl', 'anything', 'wanted', 'baby', 'tried', 'looking', 'wanted', 'girl', 'way', 'wanted', 'believe', 'tried', 'drove', 'crazy', 'drove', 'crazy', 'drove', 'crazy', 'drove', 'crazy', 'drove', 'crazy', 'drove', 'crazy', 'drove', 'crazy', 'drove', 'crazy', 'drove', 'crazy', 'drove', 'crazy', 'drove', 'crazy', 'drove', 'crazy', 'drove', 'crazy', 'drove', 'crazy', 'drove', 'crazy', 'drove', 'crazy', 'drove', 'crazy', 'drove', 'crazy', 'drove', 'crazy', 'drove', 'crazy', 'drove', 'crazy', 'drove', 'crazy', 'drove', 'crazy', 'drove', 'crazy', 'drove', 'crazy', 'drove', 'crazy', 'drove', 'crazy', 'drove', 'crazy', 'drove', 'crazy', 'drove', 'crazy', 'drove']"
30192,Banks,Alibi,"['Alternative', 'R&B', 'Electronic', 'Pop']","['something', 'warm', 'turned', 'something', 'shoulda', 'known', 'would', 'death', 'baby', 'tried', 'promise', 'usually', 'better', 'cant', 'even', 'recognize', 'anymore', 'turned', 'please', 'give', 'something', 'convince', 'monster', 'babe', 'give', 'one', 'excuse', 'give', 'one', 'excuse', 'please', 'give', 'something', 'convince', 'monster', 'yeah', 'yeah', 'yeah', 'babe', 'give', 'one', 'excuse', 'give', 'one', 'excuse', 'give', 'one', 'yeah', 'give', 'one', 'ohoh', 'give', 'one', 'ohoh', 'yeah', 'give', 'one', 'ohoh', 'yeah', 'give', 'one', 'give', 'one', 'ohoh', 'yeah', 'give', 'one', 'ohoh', 'give', 'one', 'ohoh', 'yeah']"
30193,Banks,Haunt,"['R&B', 'Alternative', 'Pop', 'Electronic']","['want', 'wan', 'know', 'messed', 'let', 'come', 'back', 'cause', 'ego', 'wa', 'stroked', 'way', 'cracked', 'let', 'know', 'thing', 'could', 'wish', 'wouldve', 'cheated', 'cause', 'least', 'wouldnt', 'haunting', 'youre', 'haunting', 'babe', 'want', 'wan', 'know', 'brought', 'dandelion', 'could', 'blow', 'stay', 'mourning', 'something', 'created', 'memory', 'baited', 'loneliness', 'see', 'know', 'thing', 'could', 'wish', 'wouldve', 'cheated', 'cause', 'least', 'wouldnt', 'haunting', 'youre', 'haunting', 'babe', 'like', 'wan', 'know', 'someone', 'like', 'wan', 'know', 'someone', 'keep', 'knee', 'turn', 'light', 'light', 'blacked', 'see', 'game', 'make', 'wait', 'make', 'wait', 'dangling', 'string', 'begging', 'come', 'back', 'ring', 'til', 'salivating', 'attention', 'wont', 'bring', 'know', 'thing', 'could', 'wish', 'wouldve', 'cheated', 'cause', 'least', 'wouldnt', 'haunting', 'youre', 'haunting', 'wont', 'call', 'back', 'youre', 'coming', 'waited', 'say', 'name', 'wont', 'call', 'back', 'youre', 'coming', 'waited', 'say', 'name', 'wont', 'call', 'back', 'youre', 'coming', 'waited', 'say', 'name', 'wont', 'call', 'back', 'youre', 'coming', 'waited', 'say', 'name', 'like', 'wan', 'know', 'someone', 'like', 'wan', 'know', 'someone', 'keep', 'knee', 'turn', 'light', 'light', 'blacked']"
30194,Banks,Fall Over,"['Alternative', 'Electronic', 'Pop', 'R&B']","['got', 'heart', 'beating', 'beating', 'beating', 'beating', 'beating', 'beating', 'got', 'mind', 'follow', 'follow', 'follow', 'follow', 'follow', 'fall', 'fall', 'gave', 'pride', 'let', 'burn', 'shelter', 'got', 'heart', 'beating', 'beating', 'beating', 'beating', 'beating', 'beating', 'got', 'mind', 'follow', 'follow', 'follow', 'follow', 'follow', 'fall', 'fall', 'gave', 'pride', 'let', 'burn', 'shelter', 'let', 'burn', 'shelter']"
30195,Banks,Stroke,['Pop'],"['want', 'want', 'want', 'stroke', 'ego', 'beg', 'die', 'got', 'touch', 'placebo', 'nothin', 'wouldnt', 'lie', 'get', 'back', 'room', 'cause', 'thats', 'narcissist', 'want', 'want', 'want', 'stroke', 'say', 'hard', 'breathe', 'inside', 'ocean', 'gave', 'deep', 'youre', 'still', 'floating', 'would', 'let', 'drown', 'save', 'life', 'dont', 'think', 'cant', 'see', 'soul', 'soaking', 'always', 'head', 'everything', 'always', 'tell', 'youre', 'book', 'misread', 'wan', 'tell', 'ooh', 'whoa', 'want', 'want', 'want', 'stroke', 'ego', 'beg', 'die', 'got', 'touch', 'placebo', 'nothin', 'wouldnt', 'lie', 'get', 'back', 'room', 'cause', 'thats', 'narcissist', 'want', 'want', 'want', 'stroke', 'stroke', 'gather', 'money', 'make', 'symphony', 'looked', 'thing', 'got', 'steeper', 'yeah', 'even', 'though', 'wanted', 'sweet', 'could', 'call', 'savory', 'youre', 'treading', 'water', 'wound', 'got', 'deeper', 'always', 'head', 'everything', 'always', 'tell', 'youre', 'book', 'misread', 'wan', 'tell', 'ooh', 'whoa', 'tell', 'youre', 'good', 'good', 'say', 'dont', 'wan', 'quit', 'say', 'wont', 'run', 'love', 'love', 'say', 'got', 'enough', 'two', 'ended', 'invited', 'youve', 'tellin', 'afraid', 'youre', 'running', 'table', 'invited', 'want', 'taste', 'lemonade', 'yeah', 'want', 'want', 'want', 'stroke', 'ego', 'beg', 'die', 'got', 'touch', 'placebo', 'nothin', 'wouldnt', 'lie', 'get', 'back', 'room', 'cause', 'thats', 'narcissist', 'want', 'want', 'want', 'stroke']"
30196,Banks,Godless,['Pop'],"['darkness', 'feel', 'wa', 'divine', 'cause', 'felt', 'power', 'laid', 'side', 'felt', 'rhythm', 'felt', 'fever', 'mind', 'couldnt', 'save', 'least', 'say', 'tried', 'love', 'wa', 'ever', 'mine', 'would', 'stay', 'tonight', 'praying', 'praying', 'see', 'eye', 'theres', 'rage', 'still', 'reminds', 'waiting', 'waiting', 'dont', 'believe', 'one', 'divine', 'cant', 'tell', 'believe', 'mine', 'cause', 'youve', 'god', 'god', 'youre', 'gone', 'godless', 'godless', 'dont', 'believe', 'love', 'cant', 'say', 'youve', 'thinking', 'cause', 'youve', 'god', 'god', 'youre', 'gone', 'godless', 'godless', 'swallow', 'fable', 'wa', 'enough', 'eye', 'closed', 'still', 'dancing', 'love', 'inside', 'dreaming', 'ill', 'alone', 'still', 'hold', 'like', 'held', 'end', 'dont', 'believe', 'one', 'divine', 'cant', 'tell', 'believe', 'mine', 'cause', 'youve', 'god', 'god', 'youre', 'gone', 'godless', 'godless', 'dont', 'believe', 'love', 'cant', 'say', 'youve', 'thinking', 'cause', 'youve', 'god', 'god', 'youre', 'gone', 'godless', 'godless', 'love', 'wa', 'ever', 'mine', 'would', 'stay', 'tonight', 'praying', 'praying', 'see', 'eye', 'theres', 'reason', 'still', 'reminds', 'waiting', 'waiting', 'dont', 'believe', 'one', 'divine', 'cant', 'tell', 'believe', 'mine', 'cause', 'youve', 'god', 'god', 'youre', 'gone', 'godless', 'godless', 'dont', 'believe', 'love', 'cant', 'say', 'youve', 'thinking', 'cause', 'youve', 'god', 'god', 'youre', 'gone', 'godless', 'godless']"
30197,Banks,Look What You’re Doing to Me,['Pop'],"['dont', 'tell', 'love', 'sell', 'thing', 'every', 'single', 'december', 'waiting', 'looking', 'giving', 'keep', 'giving', 'tell', 'enough', 'give', 'one', 'heavenly', 'eye', 'dying', 'looking', 'look', 'youre', 'look', 'youre', 'ooh', 'love', 'better', 'remember', 'leave', 'loving', 'looking', 'look', 'youre', 'look', 'youve', 'done', 'look', 'youve', 'done', 'looking', 'ooh', 'love', 'better', 'remember', 'heavenly', 'eye', 'dont', 'notice', 'leave', 'loving', 'youre', 'taking', 'looking', 'heavenly', 'eye', 'heavenly', 'eye', 'scope', 'said', 'none', 'left', 'gave', 'hope', 'light', 'come', 'home', 'leave', 'youll', 'sorry', 'giving', 'eye', 'keep', 'giving', 'eye', 'tell', 'enough', 'give', 'one', 'heavenly', 'eye', 'dying', 'losing', 'war', 'looking', 'look', 'youre', 'look', 'youre', 'ooh', 'love', 'better', 'remember', 'leave', 'loving', 'looking', 'look', 'youre', 'look', 'youve', 'done', 'look', 'youve', 'done', 'youre', 'looking', 'ooh', 'love', 'better', 'remember', 'heavenly', 'eye', 'dont', 'dont', 'notice', 'leave', 'loving', 'youre', 'taking', 'looking', 'heavenly', 'eye', 'okay', 'dont', 'cry', 'looking', 'know', 'youre', 'giving', 'thing', 'youre', 'taking', 'youre', 'taking', 'youre', 'taking', 'youre', 'taking', 'dont', 'mind', 'look', 'youre', 'look', 'youve', 'done', 'youre', 'looking', 'ooh', 'love', 'better', 'remember', 'heavenly', 'eye', 'dont', 'dont', 'notice', 'leave', 'loving', 'youre', 'taking', 'looking', 'heavenly', 'eye', 'heavenly', 'eye', 'look', 'youre', 'look', 'youre', 'look', 'youve', 'done', 'youre', 'looking', 'ooh', 'love', 'better', 'remember', 'heavenly', 'eye', 'dont', 'dont', 'notice', 'leave', 'loving', 'youre', 'taking', 'looking', 'heavenly', 'eye', 'looking']"
30198,Banks,The Fall,"['Rap', 'Alternative R&B', 'R&B', 'Alternative Pop', 'Alternative', 'Pop']","['youre', 'walking', 'around', 'waving', 'feather', 'shaking', 'thanking', 'giving', 'never', 'afforded', 'youre', 'covered', 'poor', 'little', 'birdie', 'making', 'crass', 'yeah', 'youre', 'burning', 'bridge', 'business', 'got', 'recorded', 'keep', 'counting', 'gold', 'cause', 'fault', 'losing', 'hold', 'girl', 'almost', 'made', 'fall', 'girl', 'almost', 'made', 'fall', 'girl', 'almost', 'made', 'fall', 'girl', 'almost', 'made', 'fall', 'girl', 'almost', 'made', 'know', 'behavior', 'mirror', 'jealousy', 'baby', 'pity', 'youre', 'getting', 'older', 'pressure', 'crazy', 'thing', 'youre', 'aint', 'helping', 'case', 'thing', 'youre', 'aint', 'helping', 'case', 'way', 'keep', 'counting', 'gold', 'cause', 'fault', 'losing', 'hold', 'girl', 'almost', 'made', 'fall', 'girl', 'almost', 'made', 'fall', 'girl', 'almost', 'made', 'fall', 'girl', 'almost', 'made', 'fall', 'girl', 'almost', 'made', 'fall', 'girl', 'almost', 'made', 'fall', 'girl', 'almost', 'made', 'fall', 'girl', 'almost', 'made', 'fall', 'girl', 'almost', 'made', 'still', 'trippin', 'slip', 'dirty', 'finger', 'dip', 'chicken', 'knew', 'peach', 'ripe', 'pickin', 'tried', 'pull', 'something', 'put', 'motion', 'know', 'get', 'notion', 'sun', 'morning', 'started', 'mourning', 'something', 'thats', 'went', 'pushed', 'ocean', 'better', 'yet', 'put', 'mode', 'wrong', 'direction', 'put', 'motion', 'get', 'miss', 'thing', 'pushed', 'ocean', 'better', 'yet', 'put', 'mode', 'wrong', 'direction', 'put', 'motion', 'get', 'miss', 'thing', 'girl', 'almost', 'made', 'fall', 'girl', 'almost', 'made', 'fall', 'girl', 'almost', 'made', 'fall', 'girl', 'almost', 'made', 'fall', 'girl', 'almost', 'made', 'fall', 'girl', 'almost', 'made', 'fall', 'girl', 'almost', 'made']"
30199,Banks,Hawaiian Mazes,"['Alternative', 'Pop']","['wan', 'meet', 'tomorrow', 'yesterday', 'made', 'fool', 'today', 'tried', 'best', 'follow', 'youre', 'moving', 'fast', 'daddy', 'long', 'leg', 'say', 'destined', 'live', 'story', 'cant', 'let', '2008', 'say', 'nostalgia', 'grows', 'dont', 'even', 'know', 'way', 'youre', 'proposin', 'say', 'name', 'got', 'let', 'letting', 'know', 'got', 'let', 'baby', 'know', 'think', 'ending', 'think', 'met', 'though', 'dad', 'say', 'pretending', 'said', 'scared', 'ill', 'end', 'alone', 'walked', 'around', 'hawaiian', 'maze', 'didnt', 'care', 'forgot', 'bra', 'cause', 'dragon', 'teeth', 'aint', 'worried', 'letting', 'tightness', 'hold', 'rope', 'like', 'soldier', 'got', 'let', 'letting', 'know', 'got', 'let', 'baby', 'know', 'make', 'believe', 'weve', 'heaven', 'sake', 'would', 'leave', 'shut', 'door', 'let', 'let', 'know', 'gon', 'take', 'minute', 'unfold', 'way', 'ive', 'feeling', 'overtold', 'telling', 'left', 'complain', 'youre', 'alone', 'dont', 'know', 'babe', 'wa', 'something', 'bout', 'way', 'loved', 'yeah', 'dont', 'know', 'dont', 'know', 'anymore', 'letting', 'dont', 'tell', 'twice', 'know', 'never', 'needed', 'advice', 'shouldve', 'known', 'back', 'know', 'right', 'got', 'let', 'got', 'let', 'got', 'let', 'got', 'let']"
30200,Banks,Propaganda,['Pop'],"['thought', 'found', 'wanted', 'propaganda', 'many', 'piece', 'mop', 'told', 'wa', 'mistake', 'undecided', 'got', 'know', 'divided', 'told', 'must', 'born', 'reciting', 'poetic', 'ride', 'die', 'death', 'wish', 'could', 'different', 'way', 'would', 'give', 'theres', 'something', 'weaker', 'without', 'think', 'something', 'theres', 'something', 'bout', 'situation', 'window', 'dont', 'make', 'sound', 'fucked', 'cant', 'save', 'mama', 'need', 'help', 'think', 'made', 'bad', 'decision', 'gun', 'abound', 'love', 'fucked', 'cant', 'save', 'mama', 'need', 'help', 'tell', 'tell', 'tell', 'youre', 'strong', 'enough', 'look', 'mirror', 'messy', 'hair', 'addicted', 'bleed', 'love', 'wan', 'understanding', 'baby', 'gon', 'fuck', 'whole', 'thing', 'suck', 'aside', 'decided', 'suicide', 'side', 'could', 'different', 'way', 'would', 'give', 'theres', 'something', 'weaker', 'without', 'think', 'something', 'theres', 'something', 'bout', 'situation', 'window', 'dont', 'make', 'sound', 'fucked', 'cant', 'save', 'mama', 'need', 'help', 'think', 'made', 'bad', 'decision', 'guns', 'abound', 'love', 'fucked', 'cant', 'save', 'mama', 'need', 'help', 'know', 'call', 'pretty', 'baby', 'thought', 'youd', 'one', 'save', 'baby', 'know', 'call', 'pretty', 'baby', 'thought', 'youd', 'one', 'save', 'baby', 'something', 'bout', 'situation', 'window', 'dont', 'make', 'sound', 'fucked', 'cant', 'save', 'mama', 'need', 'help', 'think', 'something', 'something', 'bout', 'bad', 'decision', 'guns', 'abound', 'love', 'fucked', 'cant', 'save', 'mama', 'need', 'help', 'mama', 'need', 'help', 'mama', 'gim', 'help', 'maybe', 'need', 'help', 'need', 'help']"
30202,Banks,What About Love,"['R&B', 'Neo Soul']","['hey', 'yeah', 'belong', 'one', 'belong', 'someone', 'else', 'maybe', 'rewind', 'tape', 'give', 'one', 'chance', 'give', 'one', 'chance', 'show', 'baby', 'maybe', 'realized', 'could', 'maybe', 'relearned', 'name', 'mmm', 'maybe', 'relearned', 'name', 'mmm', 'life', 'could', 'make', 'could', 'grow', 'older', 'love', 'love', 'love', 'love', 'belong', 'one', 'belong', 'someone', 'else', 'maybe', 'back', 'time', 'hurts', 'see', 'real', 'life', 'talk', 'like', 'okay', 'thats', 'way', 'way', 'thats', 'way', 'promised', 'would', 'never', 'love', 'another', 'mmm', 'said', 'cover', 'way', 'kiss', 'could', 'grow', 'older', 'love', 'love', 'love', 'love', 'yeah', 'yeah', 'yeah', 'love', 'love', 'babe', 'love', 'love', 'love', 'love', 'babe', 'love', 'love', 'love', 'love']"
