,primary_artist,title,tags,lyrics
30528,Bastille,Good Grief,"['Adult Alternative', 'Indie Pop', 'Alternative Pop', 'Indie', 'Alternative', 'UK', 'Pop']","['would', 'little', 'maniac', 'like', 'first', 'watching', 'finger', 'watching', 'finger', 'shut', 'eye', 'count', 'ten', 'go', 'one', 'ear', 'one', 'ear', 'burning', 'bright', 'right', 'til', 'end', 'missing', 'photograph', 'missing', 'photograph', 'watching', 'finger', 'watching', 'finger', 'thought', 'far', 'away', 'whistling', 'melody', 'whistling', 'melody', 'crystallizing', 'clear', 'day', 'picture', 'easily', 'picture', 'easily', 'gon', 'left', 'world', 'gon', 'left', 'world', 'every', 'minute', 'every', 'hour', 'miss', 'miss', 'miss', 'every', 'stumble', 'misfire', 'miss', 'miss', 'miss', 'watching', 'finger', 'watching', 'finger', 'caught', 'guard', 'favourite', 'song', 'dancing', 'funeral', 'dancing', 'funeral', 'sleeping', 'clothes', 'love', 'shame', 'see', 'burn', 'shame', 'see', 'burn', 'gon', 'left', 'world', 'gon', 'left', 'world', 'every', 'minute', 'every', 'hour', 'miss', 'miss', 'miss', 'every', 'stumble', 'misfire', 'miss', 'miss', 'miss', 'want', 'party', 'animal', 'learn', 'live', 'jungle', 'stop', 'worrying', 'get', 'dressed', 'might', 'excuse', 'lost', 'control', 'sens', 'might', 'excuse', 'lost', 'control', 'word', 'get', 'drunk', 'call', 'fool', 'put', 'place', 'put', 'place', 'pick', 'floor', 'put', 'place', 'put', 'place', 'every', 'minute', 'every', 'hour', 'miss', 'miss', 'miss', 'every', 'stumble', 'misfire', 'miss', 'miss', 'miss', 'watching', 'finger', 'watching', 'finger', 'cause', 'every', 'minute', 'every', 'hour', 'miss', 'miss', 'miss']"
30529,Bastille,Fake It,"['Indie', 'Alternative Pop', 'Alternative', 'Electro-Pop', 'Synth-Pop', 'Indie Pop', 'UK', 'Pop']","['dont', 'think', 'thats', 'selfish', 'want', 'really', 'dont', 'saying', 'capacity', 'hard', 'develop', 'capacity', 'youre', 'stopped', 'every', 'turn', 'drive', 'around', 'night', 'time', 'nowhere', 'melt', 'like', 'wax', 'joke', 'lost', 'found', 'knocking', 'head', 'laying', 'low', 'point', 'reliving', 'crime', 'lose', 'still', 'wan', 'waste', 'time', 'wan', 'waste', 'time', 'still', 'wan', 'waste', 'time', 'wan', 'waste', 'time', 'lover', 'lover', 'love', 'never', 'back', 'best', 'recreate', 'dont', 'turn', 'turn', 'page', 'rip', 'straight', 'let', 'try', 'best', 'fake', 'show', 'joy', 'flower', 'disarray', 'lets', 'destroy', 'mistake', 'made', 'restore', 'color', 'back', 'grey', 'theres', 'pride', 'sharing', 'scar', 'prove', 'still', 'wan', 'waste', 'time', 'wan', 'waste', 'time', 'still', 'wan', 'waste', 'time', 'wan', 'waste', 'time', 'lover', 'lover', 'love', 'never', 'back', 'best', 'recreate', 'dont', 'turn', 'turn', 'page', 'rip', 'straight', 'let', 'try', 'best', 'fake', 'help', 'turn', 'blind', 'eye', 'days', 'night', 'lost', 'weakness', 'help', 'turn', 'blind', 'eye', 'days', 'night', 'lost', 'weakness', 'lover', 'lover', 'love', 'never', 'back', 'best', 'recreate', 'dont', 'turn', 'turn', 'page', 'rip', 'straight', 'let', 'best', 'fake', 'lover', 'lover', 'love', 'never', 'back', 'best', 'recreate', 'dont', 'turn', 'turn', 'page', 'rip', 'straight', 'let', 'best', 'fake']"
30530,Bastille,Oblivion,"['UK', 'Alternative Rock', 'Alternative', 'Rock']","['fall', 'asleep', 'head', 'upon', 'shoulder', 'youre', 'arm', 'youve', 'gone', 'somewhere', 'deeper', 'going', 'age', 'grace', 'going', 'age', 'without', 'mistake', 'going', 'age', 'grace', 'wake', 'hide', 'face', 'oblivion', 'calling', 'name', 'always', 'take', 'ever', 'play', 'hard', 'try', 'follow', 'control', 'turn', 'back', 'see', 'going', 'age', 'grace', 'going', 'leave', 'path', 'trace', 'oblivion', 'calling', 'name', 'always', 'take', 'ever', 'oblivion', 'calling', 'name', 'always', 'take', 'ever']"
30531,Bastille,The Currents,"['Alternative Pop', 'Alternative', 'UK', 'Pop']","['roll', 'another', 'cigarette', 'using', 'minute', 'take', 'think', 'power', 'word', 'living', 'current', 'create', 'sinking', 'pool', 'mistake', 'stub', 'podium', 'awaits', 'god', 'god', 'cant', 'quite', 'believe', 'ear', 'swimming', 'surface', 'coming', 'air', 'cause', 'youre', 'making', 'feel', 'nervous', 'need', 'clear', 'head', 'cant', 'believe', 'ear', 'dont', 'wan', 'believe', 'ear', 'swimming', 'surface', 'coming', 'air', 'think', 'youre', 'serious', 'even', 'know', 'year', 'cant', 'believe', 'scary', 'point', 'make', 'still', 'living', 'current', 'create', 'still', 'sinking', 'pool', 'mistake', 'wont', 'stop', 'firing', 'crazy', 'god', 'god', 'cant', 'quite', 'believe', 'ear', 'swimming', 'surface', 'coming', 'air', 'cause', 'youre', 'making', 'feel', 'nervous', 'need', 'clear', 'head', 'cant', 'believe', 'ear', 'dont', 'wan', 'believe', 'ear', 'swimming', 'surface', 'coming', 'air', 'anybody', 'preaches', 'disunity', 'try', 'pit', 'one', 'know', 'person', 'seek', 'rob', 'freedom', 'destroy', 'life', 'need', 'breath', 'need', 'breath', 'fill', 'lung', 'wont', 'fill', 'lung', 'need', 'breath', 'need', 'breath', 'fill', 'lung', 'let', 'fill', 'lung', 'need', 'breath', 'need', 'breath', 'fill', 'lung', 'let', 'fill', 'lung', 'need', 'breath', 'need', 'breath', 'fill', 'lung', 'let', 'fill', 'lung', 'swimming', 'surface', 'coming', 'air', 'cause', 'youre', 'making', 'feel', 'nervous', 'need', 'clear', 'head', 'cant', 'believe', 'ear', 'dont', 'wan', 'believe', 'ear', 'swimming', 'surface', 'coming', 'air']"
30532,Bastille,Blame,"['Alternative Rock', 'Alternative', 'UK', 'Rock']","['sleep', 'fish', 'room', 'room', 'wrap', 'teeth', 'around', 'pavement', 'cause', 'body', 'message', 'send', 'regard', 'hell', 'fall', 'upon', 'knee', 'sing', 'body', 'soul', 'crawl', 'beg', 'plead', 'sing', 'got', 'power', 'control', 'pin', 'pin', 'granted', 'three', 'wish', 'say', 'goodbye', 'mother', 'father', 'son', 'hear', 'pulse', 'racing', 'sitting', 'next', 'gun', 'beat', 'heart', 'mouth', 'fall', 'upon', 'knee', 'sing', 'body', 'soul', 'crawl', 'beg', 'plead', 'sing', 'got', 'power', 'control', 'pin', 'pin', 'blame', 'blame', 'blame', 'blame', 'blame', 'blame', 'blame', 'blame', 'blame', 'blame', 'blame', 'blame', 'fall', 'upon', 'knee', 'sing', 'body', 'soul', 'crawl', 'beg', 'plead', 'sing', 'got', 'power', 'control', 'body', 'soul', 'fall', 'upon', 'knee', 'sing', 'body', 'soul', 'pin', 'pin', 'pin', 'pin']"
30533,Bastille,Lethargy,"['Alternative Rock', 'Alternative', 'Rock', 'UK']","['lethargy', 'got', 'hold', 'dont', 'know', 'shake', 'got', 'itchy', 'foot', 'change', 'scene', 'anything', 'escape', 'get', 'get', 'pressure', 'pressure', 'run', 'away', 'fast', 'every', 'day', 'friend', 'lover', 'give', 'answer', 'everybody', 'know', 'told', 'like', 'anybody', 'else', 'headspin', 'happiness', 'death', 'like', 'anybody', 'else', 'broke', 'nothing', 'else', 'left', 'checked', 'year', 'ago', 'worry', 'like', 'checked', 'year', 'ago', 'worry', 'like', 'cmon', 'relax', 'theres', 'english', 'man', 'space', 'day', 'floating', 'awe', 'wonder', 'broke', 'away', 'atmosphere', 'nonbeliever', 'get', 'get', 'pressure', 'pressure', 'run', 'away', 'fast', 'every', 'day', 'friend', 'lover', 'give', 'answer', 'everybody', 'know', 'told', 'like', 'anybody', 'else', 'headspin', 'happiness', 'death', 'like', 'anybody', 'else', 'broke', 'nothing', 'else', 'left', 'checked', 'year', 'ago', 'worry', 'like', 'checked', 'year', 'ago', 'worry', 'like', 'paint', 'scene', 'paint', 'bright', 'paint', 'clear', 'dont', 'want', 'use', 'imagination', 'dont', 'want', 'use', 'imagination', 'paint', 'scene', 'paint', 'bright', 'paint', 'clear', 'dont', 'want', 'use', 'imagination', 'dont', 'want', 'use', 'imagination', 'told', 'like', 'anybody', 'else', 'headspin', 'happiness', 'death', 'like', 'anybody', 'else', 'broke', 'nothing', 'else', 'left', 'checked', 'year', 'ago', 'worry', 'like', 'checked', 'year', 'ago', 'worry', 'like']"
30534,Bastille,Icarus,"['UK', 'Alternative', 'Alternative Rock', 'Rock']","['look', 'digging', 'grave', 'say', 'youll', 'drink', 'death', 'look', 'make', 'bed', 'lie', 'right', 'within', 'left', 'front', 'doorstep', 'drinking', 'paper', 'cup', 'wont', 'remember', 'living', 'beyond', 'year', 'acting', 'fear', 'feel', 'chest', 'hand', 'protect', 'flame', 'wild', 'wind', 'around', 'icarus', 'flying', 'close', 'sun', 'icarus', 'life', 'ha', 'begun', 'begun', 'standing', 'cliff', 'face', 'highest', 'fall', 'youll', 'ever', 'grace', 'scare', 'half', 'death', 'look', 'future', 'tell', 'nothing', 'take', 'another', 'breath', 'hand', 'protect', 'flame', 'wild', 'wind', 'around', 'icarus', 'flying', 'close', 'sun', 'icarus', 'life', 'ha', 'begun', 'feel', 'take', 'fall', 'icarus', 'flying', 'towards', 'early', 'grave', 'put', 'defence', 'leave', 'leave', 'youre', 'certain', 'want', 'youre', 'putting', 'armour', 'leave', 'leave', 'youre', 'certain', 'want', 'icarus', 'flying', 'close', 'sun', 'icarus', 'life', 'ha', 'begun', 'feel', 'take', 'fall', 'icarus', 'flying', 'towards', 'early', 'grave', 'ohoh', 'ohoh', 'ohoh']"
30535,Bastille,Power,"['Alternative Rock', 'Alternative', 'UK', 'Rock']","['aim', 'throw', 'best', 'shot', 'right', 'cause', 'pain', 'take', 'easily', 'really', 'think', 'fall', 'knee', 'pray', 'sweet', 'simplicity', 'cause', 'whoa', 'youre', 'squeezing', 'heart', 'hard', 'bare', 'hand', 'hold', 'tight', 'whoa', 'air', 'fire', 'room', 'feel', 'electric', 'caught', 'sight', 'power', 'power', 'never', 'understand', 'power', 'holding', 'power', 'power', 'long', 'yes', 'long', 'pain', 'synapsis', 'firing', 'brain', 'cut', 'cut', 'deep', 'hurt', 'one', 'love', 'easily', 'cause', 'time', 'show', 'achilles', 'heel', 'cause', 'whoa', 'youre', 'squeezing', 'heart', 'hard', 'cold', 'bare', 'hand', 'hold', 'tight', 'whoa', 'air', 'fire', 'room', 'feel', 'electric', 'caught', 'sight', 'power', 'power', 'never', 'understand', 'power', 'holding', 'power', 'power', 'long', 'yes', 'long', 'youre', 'gon', 'hit', 'hit', 'harder', 'cause', 'better', 'knock', 'first', 'time', 'gon', 'rip', 'plaster', 'youre', 'gon', 'hit', 'hit', 'harder', 'power', 'power', 'blows', 'mind', 'think', 'ever', 'let', 'hold', 'power', 'power', 'never', 'understand', 'way', 'let', 'hold', 'power', 'power', 'well', 'long', 'yes', 'long', 'power', 'power', 'power', 'power', 'let', 'long', 'yes', 'long']"
30536,Bastille,Laura Palmer,"['UK', 'Alternative', 'Alternative Rock', 'Rock']","['ooh', 'ooh', 'ooh', 'oohooh', 'ooh', 'ooh', 'ooh', 'ooh', 'walking', 'dark', 'cutting', 'different', 'path', 'lead', 'beating', 'heart', 'people', 'town', 'cast', 'eye', 'right', 'ground', 'matter', 'heart', 'night', 'wa', 'ran', 'night', 'found', 'path', 'ground', 'ran', 'night', 'cant', 'found', 'heart', 'feel', 'feel', 'pumps', 'vein', 'feel', 'feel', 'summer', 'evening', 'breeze', 'blew', 'drawing', 'voice', 'deep', 'lead', 'beating', 'heart', 'year', 'night', 'terrifying', 'final', 'sight', 'put', 'beating', 'heart', 'night', 'wa', 'ran', 'night', 'found', 'path', 'ground', 'ran', 'night', 'cant', 'found', 'heart', 'feel', 'feel', 'pumps', 'vein', 'feel', 'feel', 'gun', 'would', 'shoot', 'sky', 'whyto', 'see', 'would', 'fall', 'come', 'gun', 'would', 'shoot', 'sky', 'whyto', 'see', 'bullet', 'would', 'fall', 'come', 'heart', 'feel', 'feel', 'pumps', 'vein', 'feel', 'feel', 'racing', 'heart', 'feel', 'feel', 'pumps', 'vein', 'feel', 'feel']"
30537,Bastille,4AM,"['Adult Alternative', 'UK', 'Alternative Rock', 'Rock', 'Alternative Pop', 'Alternative', 'Pop']","['four', 'morning', 'find', 'best', 'passed', 'dont', 'know', 'got', 'old', 'friend', 'new', 'friend', 'ive', 'met', 'blanket', 'smoke', 'sink', 'floor', 'family', 'familiar', 'familiar', 'ahah', 'friend', 'familiar', 'ahah', 'nowhere', 'would', 'rather', 'never', 'felt', 'comfortable', 'could', 'never', 'want', 'nowhere', 'would', 'rather', 'ohoh', 'never', 'felt', 'comfortable', 'could', 'never', 'want', 'youre', 'near', 'ooh', 'ooh', 'time', 'skip', 'balloon', 'hit', 'losing', 'mind', 'tuesdayll', 'doom', 'day', 'got', 'hand', 'family', 'familiar', 'familiar', 'friend', 'familiar', 'nowhere', 'would', 'rather', 'never', 'felt', 'comfortable', 'could', 'never', 'want', 'nowhere', 'would', 'rather', 'ohoh', 'never', 'felt', 'comfortable', 'could', 'never', 'want', 'youre', 'near', 'ooh', 'ooh', 'dont', 'care', 'talking', 'bout', 'thing', 'dont', 'care', 'stuck', 'familiar', 'dont', 'care', 'going', 'round', 'circle', 'family', 'familiar', 'familiar', 'friend', 'familiar', 'nowhere', 'would', 'rather', 'never', 'felt', 'comfortable', 'could', 'never', 'want', 'nowhere', 'would', 'rather', 'never', 'felt', 'comfortable', 'could', 'never', 'want', 'youre', 'near', 'ooh', 'ooh', 'cant', 'remember', 'cant', 'remember', 'cant', 'remember', 'cant', 'remember', 'cant', 'remember', 'cant', 'remember', 'cant', 'remember', 'cant', 'remember', 'help', 'piece', 'together', 'darlin']"
30538,Bastille,Daniel in the Den,"['UK', 'Alternative Rock', 'Alternative', 'Rock']","['moving', 'along', 'pace', 'unknown', 'man', 'ggoohoh', 'gooh', 'thought', 'lion', 'bad', 'well', 'tried', 'kill', 'brother', 'every', 'king', 'died', 'would', 'crown', 'another', 'harder', 'think', 'telling', 'dream', 'one', 'another', 'thought', 'lion', 'bad', 'well', 'tried', 'kill', 'brother', 'felled', 'night', 'one', 'think', 'love', 'come', 'felled', 'night', 'one', 'think', 'love', 'come', 'dreaming', 'along', 'pace', 'youll', 'understand', 'ggoohoh', 'nooh', 'thought', 'lion', 'bad', 'well', 'tried', 'kill', 'brother', 'every', 'king', 'died', 'would', 'crown', 'another', 'harder', 'think', 'telling', 'dream', 'one', 'another', 'thought', 'lion', 'bad', 'well', 'tried', 'kill', 'brother', 'felled', 'night', 'one', 'think', 'love', 'come', 'felled', 'night', 'one', 'think', 'love', 'come', 'see', 'mean', 'free', 'shackle', 'dream', 'claim', 'see', 'felled', 'night', 'one', 'think', 'love', 'come', 'felled', 'night', 'one', 'think', 'love', 'come', 'felled', 'night', 'one', 'think', 'love', 'come', 'felled', 'night', 'one', 'think', 'love', 'come', 'felled', 'night', 'one', 'think', 'love', 'felled', 'night', 'one', 'think', 'love', 'felled', 'night', 'one', 'think', 'love', 'love']"
30539,Bastille,Those Nights,"['UK', 'Alternative Rock', 'Alternative', 'Adult Alternative', 'Rock', 'Alternative Pop', 'Pop']","['feel', 'eye', 'back', 'head', 'burning', 'burning', 'burning', 'floating', 'room', 'hair', 'arm', 'rising', 'rising', 'rising', 'chemically', 'drawn', 'closer', 'eyes', 'wide', 'eye', 'wide', 'open', 'future', 'escape', 'love', 'love', 'love', 'youll', 'never', 'get', 'heaven', 'night', 'like', 'night', 'friend', 'gone', 'youre', 'holding', 'someone', 'leave', 'night', 'crave', 'someone', 'dawn', 'wake', 'cause', 'arent', 'looking', 'little', 'bit', 'hope', 'day', 'looking', 'somebody', 'wake', 'looking', 'little', 'bit', 'hope', 'day', 'pulling', 'tshirt', 'hand', 'everywhere', 'rising', 'rising', 'rising', 'trip', 'fall', 'dragging', 'stair', 'whats', 'whats', 'name', 'try', 'get', 'heaven', 'night', 'like', 'never', 'get', 'heaven', 'night', 'like', 'night', 'friend', 'gone', 'youre', 'holding', 'someone', 'leave', 'night', 'crave', 'someone', 'dawn', 'wake', 'cause', 'arent', 'looking', 'little', 'bit', 'hope', 'day', 'looking', 'somebody', 'wake', 'looking', 'little', 'bit', 'hope', 'day', 'light', 'light', 'light', 'cut', 'path', 'across', 'room', 'light', 'light', 'light', 'blinding', 'look', 'ill', 'rabbit', 'headlight', 'well', 'never', 'get', 'heaven', 'ill', 'rabbit', 'headlight', 'well', 'never', 'get', 'heaven', 'night', 'friend', 'gone', 'youre', 'holding', 'someone', 'leave', 'night', 'crave', 'someone', 'dawn', 'wake', 'cause', 'arent', 'looking', 'little', 'bit', 'hope', 'day', 'looking', 'somebody', 'wake', 'looking', 'little', 'bit', 'hope', 'day', 'ooh', 'ooh', 'ooh', 'ooh', 'ooh', 'ooh', 'yeah', 'yeah', 'brain']"
30540,Bastille,Winter of Our Youth,"['Ballad', 'Alternative Rock', 'Alternative', 'Rock', 'UK']","['question', 'doesnt', 'grow', 'doe', 'still', 'behave', 'child', 'help', 'get', 'rid', 'leftover', 'childish', 'behavior', 'winter', 'youth', 'yet', 'ive', 'got', 'nostalgia', 'running', 'dont', 'like', 'almost', 'taste', 'taste', 'hope', 'didnt', 'waste', 'away', 'know', 'winter', 'getting', 'colder', 'cause', 'little', 'older', 'relive', 'relive', 'pedaling', 'backwards', 'even', 'pedaling', 'alone', 'cant', 'help', 'relive', 'relive', '4am', 'come', 'fear', 'prepared', 'yet', 'pick', 'past', 'glorify', 'hope', 'wasnt', 'wasted', 'wasted', 'hope', 'didnt', 'drink', 'away', 'know', 'winter', 'getting', 'colder', 'cause', 'little', 'older', 'relive', 'relive', 'pedaling', 'backwards', 'even', 'pedaling', 'alone', 'cant', 'help', 'relive', 'relive', 'let', 'bathe', 'past', 'way', 'way', 'way', 'long', 'seems', 'ive', 'drunk', 'much', 'give', 'want', 'know', 'winter', 'getting', 'colder', 'cause', 'little', 'older', 'relive', 'relive', 'pedaling', 'backwards', 'even', 'pedaling', 'alone', 'cant', 'help', 'relive', 'relive', 'cant', 'help', 'relive', 'relive', 'cant', 'help', 'relive', 'relive', 'pedaling', 'backwards', 'even', 'pedaling', 'alone', 'cant', 'help', 'relive', 'relive']"
30541,Bastille,"Weight of Living, Pt. I","['UK', 'Alternative', 'Alternative Rock', 'Rock']","['ooh', 'ooh', 'ooh', 'ooh', 'ooh', 'oohooh', 'oohooh', 'oohoohooh', 'ooh', 'ooh', 'ooh', 'ooh', 'ooh', 'oohooh', 'oohooh', 'theres', 'albatross', 'around', 'neck', 'thing', 'youve', 'said', 'thing', 'youve', 'done', 'carry', 'regret', 'stand', 'person', 'youve', 'become', 'light', 'light', 'albatross', 'let', 'let', 'albatross', 'shoot', 'shoot', 'cant', 'shake', 'heavy', 'weight', 'living', 'stepping', 'forward', 'day', 'shrugging', 'dust', 'memory', 'though', 'soaring', 'still', 'head', 'sight', 'none', 'shall', 'see', 'light', 'light', 'albatross', 'let', 'let', 'albatross', 'shoot', 'shoot', 'cant', 'shake', 'heavy', 'weight', 'living', 'cant', 'seem', 'shake', 'weight', 'living', 'sun', 'eye', 'eye', 'sun', 'eye', 'eye', 'sun', 'eye', 'eye', 'sun', 'eye', 'eye', 'albatross', 'let', 'let', 'albatross', 'shoot', 'shoot', 'cant', 'shake', 'heavy', 'weight', 'living', 'cant', 'seem', 'shake', 'weight', 'living', 'weight', 'living', 'weight', 'living', 'weight', 'living', 'weight', 'living', 'ooh', 'ooh', 'ooh', 'ooh', 'ooh', 'oohooh', 'oohooh', 'oohoohooh', 'ooh', 'ooh', 'ooh', 'ooh', 'oohooh']"
30542,Bastille,Laughter Lines,"['Alternative Rock', 'Alternative', 'UK', 'Rock']","['took', 'favourite', 'place', 'earth', 'see', 'tree', 'cut', 'ten', 'year', 'birth', 'finger', 'traced', 'circle', 'round', 'history', 'brushed', 'hand', 'right', 'back', 'time', 'century', 'held', 'said', 'ill', 'see', 'future', 'older', 'full', 'story', 'told', 'crossing', 'heart', 'hope', 'die', 'ill', 'see', 'laughter', 'line', 'changes', 'hand', 'face', 'memories', 'mapped', 'line', 'well', 'trace', 'held', 'said', 'ill', 'see', 'future', 'older', 'full', 'story', 'told', 'crossing', 'heart', 'hope', 'die', 'ill', 'see', 'laughter', 'line', 'ashen', 'face', 'cold', 'breeze', 'ashen', 'face', 'cold', 'breeze', 'armed', 'story', 'leave', 'armed', 'story', 'leave', 'ill', 'see', 'future', 'older', 'full', 'story', 'told', 'crossing', 'heart', 'hope', 'die', 'ill', 'see', 'laughter', 'line', 'ill', 'see', 'future', 'old', 'ill', 'see', 'future', 'old']"
30543,Bastille,The Descent,"['UK', 'Alternative Rock', 'Rock', 'Alternative Pop', 'Alternative', 'Pop']","['say', 'face', 'ooh', 'call', 'baby', 'ooh', 'tear', 'tell', 'feel', 'outside', 'hand', 'glass', 'cause', 'know', 'easiest', 'thing', 'world', 'cynical', 'looked', 'trusted', 'put', 'faith', 'guess', 'thats', 'ill', 'stare', 'pas', 'way', 'ill', 'stare', 'pas', 'way', 'one', 'one', 'one', 'call', 'baby', 'even', 'though', 'youre', 'one', 'would', 'always', 'tear', 'one', 'one', 'one', 'call', 'baby', 'even', 'though', 'youre', 'one', 'would', 'always', 'tear', 'dont', 'get', 'exhausted', 'spitting', 'forward', 'much', 'bile', 'shame', 'time', 'ticking', 'replaceable', 'looked', 'trusted', 'put', 'faith', 'guess', 'thats', 'ill', 'stare', 'pas', 'way', 'ill', 'stare', 'pas', 'way', 'one', 'one', 'one', 'call', 'baby', 'even', 'though', 'youre', 'one', 'would', 'always', 'tear', 'one', 'one', 'one', 'call', 'baby', 'even', 'though', 'youre', 'one', 'would', 'always', 'tear', 'cause', 'put', 'faith', 'put', 'faith', 'put', 'faith', 'break', 'smile', 'fall', 'one', 'one', 'one', 'call', 'baby', 'even', 'though', 'youre', 'one', 'would', 'always', 'tear', 'one', 'one', 'one', 'call', 'baby', 'even', 'though', 'youre', 'one', 'would', 'always', 'tear', 'tear', 'call', 'baby', 'tear', 'call', 'baby', 'baby', 'tear', 'tear', 'tear', 'call', 'baby', 'tear', 'tear', 'call', 'baby', 'tear', 'wont', 'call', 'name', 'still', 'sitting', 'grace', 'wont', 'say', 'face', 'falling', 'grace', 'wont', 'call', 'name', 'still', 'sitting', 'grace', 'wont', 'say', 'face', 'finally', 'found', 'grace', 'know', 'filth', 'thats', 'going', 'huh', 'kids', 'get', 'high', 'repeatedly', 'dont', 'want', 'come', 'breathe', 'hard', 'dont', 'speak', 'cause', 'like', 'bitter', 'pill', 'blow', 'mind', 'make', 'heart', 'beat', 'faster', 'faster', 'faster', 'faster', 'fast', 'echo', 'news', 'ring', 'loud', 'break', 'heart', 'break', 'heart', 'million', 'piece', 'break', 'heart', 'million', 'piece', 'gon', 'break', 'wont', 'let', 'leave', 'til', 'morning', 'dont', 'wan', 'know', 'break', 'heart', 'break', 'heart', 'million', 'piece', 'million', 'piece', 'million', 'piece']"
30544,Bastille,Shame,"['Alternative Rock', 'Alternative', 'Rock', 'UK']","['love', 'lost', 'friend', 'pulled', 'punch', 'shot', 'hip', 'one', 'another', 'got', 'far', 'mile', 'way', 'back', 'nervous', 'saying', 'loud', 'word', 'roll', 'tongue', 'mouth', 'see', 'change', 'see', 'change', 'see', 'coursing', 'vein', 'shame', 'shame', 'barely', 'recognize', 'face', 'dont', 'like', 'seeing', 'lately', 'dont', 'like', 'seeing', 'lately', 'many', 'season', 'fell', 'beneath', 'many', 'voice', 'shoulder', 'miss', 'dancing', 'noise', 'friend', 'mile', 'way', 'back', 'never', 'knew', 'could', 'never', 'knew', 'could', 'told', 'see', 'change', 'see', 'change', 'see', 'coursing', 'vein', 'shame', 'shame', 'barely', 'recognize', 'face', 'dont', 'like', 'seeing', 'lately', 'dont', 'like', 'seeing', 'lately', 'maybe', 'living', 'past', 'judge', 'worst', 'thing', 'better', 'left', 'unsaid', 'miss', 'person', 'knew', 'see', 'change', 'see', 'change', 'see', 'coursing', 'vein', 'shame', 'shame', 'barely', 'recognize', 'face', 'dont', 'like', 'seeing', 'lately', 'dont', 'like', 'seeing', 'lately', 'dont', 'know', 'seeing', 'lately', 'dont', 'know', 'seeing', 'lately']"
30545,Bastille,Hangin’,['Rock'],"['hindsights', 'wonderful', 'thing', 'expert', 'pretend', 'wheres', 'good', 'place', 'begin', 'lets', 'start', 'truth', 'cause', 'get', 'end', 'hangin', 'past', 'dry', 'stringing', 'regret', 'matter', 'hard', 'try', 'blow', 'round', 'breeze', 'branch', 'hair', 'still', 'leaf', 'wind', 'keep', 'blowing', 'dont', 'leave', 'hangin', 'coming', 'coming', 'dont', 'leave', 'hangin', 'coming', 'coming', 'coming', 'coming', 'hindsights', 'unhelpful', 'friend', 'whos', 'waiting', 'end', 'catch', 'unaware', 'told', 'spirit', 'stair', 'seems', 'clear', 'end', 'lie', 'bit', 'youd', 'rather', 'forget', 'cut', 'cut', 'lay', 'rest', 'cu', 'still', 'leaf', 'wind', 'keep', 'blowing', 'dont', 'leave', 'hangin', 'coming', 'coming', 'dont', 'leave', 'hangin', 'coming', 'coming', 'coming', 'coming', 'leave', 'hangin', 'breeze', 'make', 'feel', 'better', 'cause', 'still', 'leaf', 'wind', 'keep', 'blowing', 'could', 'turn', 'cheek', 'make', 'feel', 'better', 'cause', 'still', 'leaf', 'wind', 'keep', 'blowing', 'dont', 'leave', 'hangin', 'coming', 'coming', 'dont', 'leave', 'hangin', 'coming', 'coming', 'dont', 'leave', 'hangin', 'coming', 'coming', 'coming', 'coming', 'dont', 'leave', 'hangin', 'coming', 'coming', 'dont', 'leave', 'hangin', 'coming', 'coming']"
30546,Bastille,Divide,"['Piano', 'Adult Alternative', 'UK', 'Rock', 'Alternative Rock', 'Alternative Pop', 'Alternative', 'Pop']","['roll', 'window', 'let', 'air', 'blow', 'round', 'sadness', 'breeze', 'night', 'divide', 'darker', 'day', 'push', 'limit', 'love', 'offer', 'theres', 'riot', 'head', 'demanding', 'forever', 'would', 'divide', 'could', 'come', 'together', 'body', 'collide', 'lost', 'found', 'dont', 'dont', 'leave', 'alone', 'dont', 'leave', 'alone', 'dont', 'leave', 'alone', 'would', 'divide', 'could', 'come', 'together', 'looking', 'back', 'around', 'glamorize', 'chaos', 'dont', 'let', 'summer', 'night', 'destroy', 'everything', 'darker', 'day', 'push', 'limit', 'love', 'offer', 'theres', 'riot', 'head', 'demanding', 'forever', 'would', 'divide', 'could', 'come', 'together', 'body', 'collide', 'lost', 'found', 'dont', 'dont', 'leave', 'alone', 'dont', 'leave', 'alone', 'dont', 'leave', 'alone', 'would', 'divide', 'could', 'come', 'together', 'roll', 'window', 'wont', 'let', 'like', 'like', 'like', 'roll', 'window', 'wont', 'let', 'like', 'like', 'like', 'would', 'divide', 'could', 'come', 'together', 'body', 'collide', 'lost', 'found', 'dont', 'dont', 'leave', 'alone', 'dont', 'leave', 'alone', 'dont', 'leave', 'alone', 'would', 'divide', 'could', 'come', 'together', 'roll', 'window', 'wont', 'let', 'like', 'like', 'like', 'roll', 'window', 'wont', 'let', 'like', 'like', 'like']"
30547,Bastille,The Driver,"['UK', 'Alternative Rock', 'Rock', 'Alternative Pop', 'Alternative', 'Pop']","['shoutout', 'bottom', 'lung', 'plague', 'house', 'thing', 'family', 'affair', 'drawing', 'weakness', 'big', 'boy', 'dont', 'cry', 'dont', 'ask', 'wa', 'time', 'moment', 'like', 'wouldnt', 'ever', 'cross', 'mind', 'sun', 'rise', 'name', 'lip', 'cause', 'everything', 'change', 'tonight', 'want', 'back', 'ground', 'foot', 'touch', 'shadow', 'want', 'dig', 'heel', 'dirt', 'feel', 'break', 'toe', 'anything', 'stop', 'floating', 'around', 'drag', 'back', 'take', 'breath', 'push', 'anger', 'try', 'remember', 'calmness', 'big', 'boy', 'dont', 'cry', 'dont', 'ask', 'wa', 'time', 'moment', 'like', 'wouldnt', 'ever', 'cross', 'mind', 'sun', 'rise', 'name', 'lip', 'cause', 'everything', 'change', 'tonight', 'hey', 'whats', 'gravity', 'upon', 'face', 'arent', 'one', 'bleeding', 'real', 'men', 'always', 'thinking', 'fist', 'turn', 'victim', 'big', 'boy', 'dont', 'cry', 'dont', 'ask', 'wa', 'time', 'moment', 'like', 'wouldnt', 'ever', 'cross', 'mind', 'sun', 'rise', 'name', 'lip', 'cause', 'everything', 'change', 'tonight', 'wa', 'time', 'moment', 'like', 'wouldnt', 'ever', 'cross', 'mind', 'sun', 'rise', 'name', 'lip', 'cause', 'everything', 'change', 'tonight']"
30548,Bastille,Remains,"['Alternative Rock', 'Alternative Pop', 'Alternative', 'UK', 'Pop', 'Rock']","['came', 'sanctuary', 'away', 'wind', 'sound', 'city', 'came', 'get', 'peace', 'way', 'deep', 'shadow', 'heavy', 'cant', 'help', 'think', 'four', 'wall', 'thought', 'seem', 'wander', 'distant', 'century', 'everyone', 'know', 'six', 'foot', 'friend', 'dead', 'memory', 'side', 'side', 'always', 'see', 'life', 'remains', 'skull', 'bone', 'let', 'take', 'grave', 'hold', 'arm', 'hold', 'arm', 'ill', 'buried', 'ill', 'hold', 'hand', 'remains', 'dont', 'want', 'rest', 'peace', 'haunt', 'others', 'dream', 'well', 'fight', 'underneath', 'turf', 'bicker', 'away', 'darkness', 'well', 'find', 'way', 'resolve', 'bane', 'land', 'living', 'well', 'find', 'common', 'ground', 'fall', 'love', 'friend', 'dead', 'memory', 'side', 'side', 'always', 'see', 'life', 'remains', 'skull', 'bone', 'let', 'take', 'grave', 'hold', 'arm', 'hold', 'arm', 'ill', 'buried', 'ill', 'hold', 'hand', 'remains', 'dusk', 'dawn', 'unheard', 'scream', 'grow', 'silent', 'defeat', 'know', 'youre', 'memory', 'used', 'taste', 'sweet', 'fade', 'away', 'realize', 'nothing', 'stay', 'skull', 'bone', 'remain', 'friend', 'dead', 'memory', 'side', 'side', 'always', 'see', 'life', 'remains', 'skull', 'bone', 'let', 'take', 'grave', 'hold', 'arm', 'hold', 'arm', 'ill', 'buried', 'ill', 'hold', 'hand', 'remains']"
30549,Bastille,bad_news,"['UK', 'Alternative Rock', 'Alternative', 'Rock']","['bad', 'news', 'like', 'sucker', 'punch', 'say', 'air', 'knocked', 'lung', 'cue', 'stay', 'hear', 'something', 'difficult', 'dont', 'back', 'away', 'people', 'say', 'nothing', 'good', 'one', 'engage', 'dont', 'turn', 'back', 'dont', 'bury', 'head', 'deep', 'cause', 'dont', 'know', 'say', 'true', 'kick', 'teeth', 'least', 'expecting', 'bad', 'news', 'beat', 'black', 'blue', 'see', 'coming', 'bad', 'news', 'like', 'sucker', 'punch', 'blew', 'away', 'people', 'fill', 'street', 'like', 'nothing', 'ha', 'changed', 'clock', 'hand', 'tick', 'along', 'dont', 'look', 'planes', 'fly', 'overhead', 'like', 'old', 'day', 'dont', 'turn', 'back', 'dont', 'bury', 'head', 'deep', 'cause', 'dont', 'know', 'say', 'true', 'kick', 'teeth', 'least', 'expecting', 'bad', 'news', 'beat', 'black', 'blue', 'see', 'coming', 'maybe', 'want', 'word', 'distraction', 'feel', 'like', 'consumed', 'maybe', 'expecting', 'perfect', 'reaction', 'pull', 'back', 'true', 'kick', 'teeth', 'least', 'expecting', 'bad', 'news', 'beat', 'black', 'blue', 'see', 'true', 'kick', 'teeth', 'least', 'expecting', 'bad', 'news', 'beat', 'black', 'blue', 'see', 'coming', 'see', 'coming', 'see', 'coming', 'see', 'see', 'coming', 'bad', 'news', 'see', 'coming', 'see', 'coming', 'see', 'see', 'coming', 'bad', 'news', 'see', 'coming', 'see', 'coming', 'see', 'see', 'coming', 'bad', 'news']"
30550,Bastille,"When I Watch the World Burn, All I Think About is You (Demo)","['Adult Alternative', 'UK', 'Alternative Rock', 'Rock', 'Alternative Pop', 'Alternative', 'Pop']","['watch', 'world', 'burn', 'think', 'watch', 'world', 'burn', 'think', 'well', 'fucked', 'fell', 'shouldnt', 'let', 'fall', 'world', 'ending', 'news', 'head', 'drunk', 'love', 'love', 'unrequited', 'love', 'love', 'undecided', 'watch', 'world', 'burn', 'think', 'watch', 'world', 'burn', 'think', 'ohhh', 'think', 'world', 'think', 'well', 'forrest', 'gump', 'onesided', 'news', 'head', 'cloud', 'ego', 'bruised', 'drunken', 'dream', 'deluded', 'paranoid', 'hung', 'love', 'love', 'denies', 'love', 'love', 'set', 'mind', 'free', 'watch', 'world', 'burn', 'think', 'watch', 'world', 'burn', 'think', 'ohhh', 'think', 'world', 'think', 'lay', 'ash', 'watch', 'world', 'crumble', 'lay', 'ash', 'watch', 'world', 'crumble', 'ohhh', 'watch', 'world', 'burn', 'think', 'watch', 'world', 'burn', 'think', 'ohhh', 'think', 'world', 'think']"
30551,Bastille,Torn Apart,"['UK', 'Alternative Rock', 'Alternative', 'Rock']","['could', 'around', 'around', 'nothing', 'left', 'think', 'think', 'hurt', 'like', 'hell', 'torn', 'apart', 'hurt', 'like', 'hell', 'thrown', 'around', 'born', 'together', 'torn', 'apart', 'torn', 'apart', 'born', 'together', 'torn', 'apart', 'torn', 'apart', 'stamped', 'heavy', 'tread', 'left', 'mark', 'mark', 'space', 'used', 'fill', 'great', 'black', 'hole', 'youre', 'sight', 'mind', 'hurt', 'like', 'hell', 'torn', 'apart', 'hurt', 'like', 'hell', 'thrown', 'around', 'born', 'together', 'torn', 'apart', 'torn', 'apart', 'born', 'together', 'torn', 'apart', 'torn', 'apart', 'born', 'together', 'torn', 'apart', 'torn', 'apart', 'born', 'together', 'torn', 'apart', 'torn', 'apart', 'born', 'together', 'torn', 'apart', 'torn', 'apart', 'born', 'together', 'torn', 'apart', 'torn', 'apart']"
30552,Bastille,Don’t Let Go (Love),"['UK', 'Alternative Rock', 'Rock', 'Alternative Pop', 'Alternative', 'Pop']","['free', 'body', 'free', 'body', 'free', 'body', 'mind', 'whats', 'gon', 'cause', 'cant', 'pretend', 'dont', 'wan', 'friend', 'hold', 'tight', 'dont', 'let', 'right', 'lose', 'control', 'often', 'tell', 'could', 'friend', 'know', 'think', 'move', 'soon', 'would', 'end', 'live', 'misery', 'youre', 'around', 'wont', 'satisfied', 'til', 'taking', 'vow', 'therell', 'love', 'making', 'heartbreaking', 'soul', 'shaking', 'love', 'love', 'making', 'heartbreaking', 'soul', 'shaking', 'whats', 'gon', 'cause', 'cant', 'pretend', 'dont', 'wan', 'friend', 'hold', 'tight', 'dont', 'let', 'right', 'lose', 'control', 'often', 'fantasize', 'star', 'watching', 'know', 'heart', 'speak', 'like', 'lover', 'could', 'wear', 'clothes', 'pretend', 'wa', 'lose', 'control', 'therell', 'love', 'making', 'heartbreaking', 'soul', 'shaking', 'love', 'love', 'making', 'heartbreaking', 'soul', 'shaking', 'whats', 'gon', 'cause', 'cant', 'pretend', 'dont', 'wan', 'friend', 'hold', 'tight', 'dont', 'let', 'right', 'lose', 'control', 'baby', 'dont', 'let', 'get', 'dont', 'really', 'wan', 'play', 'foolish', 'game', 'baby', 'dont', 'let', 'get', 'know', 'know', 'know', 'name', 'come', 'baby', 'way', 'move', 'girl', 'come', 'mine', 'come', 'baby', 'way', 'move', 'girl', 'come', 'mine', 'running', 'life', 'yeah', 'got', 'confused', 'got', 'make', 'sacrifice', 'yeah', 'somebodys', 'got', 'choose', 'make', 'try', 'sake', 'together', 'make', 'right', 'whats', 'gon', 'cause', 'cant', 'pretend', 'dont', 'wan', 'friend', 'hold', 'tight', 'dont', 'let', 'right', 'lose', 'control', 'wait', 'minute', 'wait', 'minute']"
30553,Bastille,Weapon,"['UK', 'Alternative Rock', 'Alternative', 'Rock']","['yeah', 'yeah', 'vocal', 'detection', 'front', 'line', 'open', 'selection', 'outlined', 'open', 'profession', 'vocal', 'confession', 'right', 'chord', 'war', 'screaming', 'wanted', 'sit', 'master', 'reference', 'right', 'voice', 'weapon', 'wake', 'star', 'sky', 'watch', 'light', 'revolve', 'mind', 'watch', 'storm', 'rising', 'put', 'palm', 'sky', 'falling', 'pressure', 'failing', 'acceptance', 'throw', 'hell', 'towards', 'heaven', 'cause', 'voice', 'weapon', 'voice', 'weapon', 'voice', 'weapon', 'fall', 'arm', 'fall', 'arm', 'fall', 'arm', 'fall', 'arm', 'dance', 'devil', 'halo', 'color', 'sin', 'portrait', 'smothering', 'means', 'everything', 'lovely', 'nothing', 'quite', 'seems', 'society', 'disease', 'kill', 'fear', 'sleep', 'cause', 'everything', 'born', 'dream', 'breathe', 'insanity', 'grip', 'words', 'insanity', 'lip', 'falling', 'sanity', 'cliff', 'watching', 'vanity', 'slip', 'falling', 'pressure', 'failing', 'acceptance', 'throw', 'hell', 'towards', 'heaven', 'cause', 'voice', 'weapon', 'voice', 'weapon', 'voice', 'weapon', 'fall', 'arm', 'fall', 'arm', 'fall', 'arm', 'fall', 'arm', 'pressure', 'deepen', 'cut', 'evil', 'erupt', 'volcanic', 'feverish', 'lust', 'shit', 'even', 'pressure', 'feeding', 'dust', 'reckless', 'keeping', 'cut', 'vengeance', 'speaking', 'speaking', 'voice', 'weapon', 'vocal', 'confession', 'shooting', 'voice', 'weapon', 'vocal', 'confession', 'shooting', 'voice', 'weapon', 'voice', 'weapon', 'fall', 'arm', 'fall', 'arm', 'fall', 'arm', 'fall', 'arm', 'choose', 'voice', 'etch', 'soul', 'make', 'heard', 'crowd', 'drown', 'call', 'leave', 'behind', 'question', 'silent', 'thought', 'mention', 'wake', 'ha', 'left', 'never', 'falter', 'voice', 'weapon', 'voice', 'weapon', 'leave', 'behind', 'question', 'silent', 'thought', 'mention', 'voice', 'weapon']"
