,primary_artist,title,tags,lyrics
22238,Bones-and-curtis-heron,BentOutOfShape,['Rap'],"['thats', 'lame', 'fuck', 'hate', 'hate', 'motherfucker', 'like', 'heh', 'got', 'keep', 'literally', 'hour', 'counting', 'bruh', 'yeah', 'hes', 'counting', 'every', 'motherfucking', 'minute', 'counting', 'man', 'chilling', 'fuck', 'yea', 'million', 'people', 'saying', 'sesh', 'marketing', 'campaign', 'know', 'count', 'show', 'love', 'unconditional', 'true', 'glue', 'stuck', 'never', 'switchin', 'every', 'time', 'lay', 'know', 'gon', 'pick', 'ice', 'white', 'vein', 'razor', 'cold', 'touch', 'cant', 'explain', 'world', 'ha', 'made', 'numb', 'swervin', 'lean', 'cashed', 'mia', 'riding', 'lane', 'still', 'drippin', 'candy', 'paint', 'yeah', 'knee', 'make', 'bleeding', 'stop', 'franchise', 'boyz', 'lean', 'rock', 'back', 'track', 'hair', 'back', 'death', 'lap', 'life', 'pack', 'rejuvenate', 'got', 'skate', 'yard', 'full', 'snake', 'never', 'paid', 'play', 'calling', 'bae', 'dont', 'say', 'name', 'wan', 'wraith', 'wan', 'shank', 'poke', 'get', 'sound', 'shit', 'slide', 'motherfucker', 'higher', 'motherfucker', 'said', 'happy', 'lyin', 'motherfucker', 'try', 'like', 'motherfucker', 'sigh', 'like', 'motherfucker', 'would', 'even', 'notice', 'die', 'motherfucker', 'know', 'know', 'perfect', 'know', 'know', 'worth', 'know', 'know', 'perfect', 'really', 'look', 'around', 'life', 'shit', 'already', 'trying', 'cope', 'top', 'brain', 'caught', 'mist', 'tell', 'last', 'time', 'listen', 'closely', 'fallen', 'word', 'surround', 'dont', 'know', 'hopeless', 'mean', 'thats', 'know', 'fallin', 'fallin']"
22247,Bones-and-curtis-heron,911,['Rap'],"['best', 'bet', '911', 'chances', 'slim', 'like', '501s', 'think', 'close', 'done', 'silly', 'bitch', 'time', 'begun', 'riding', 'yellow', 'hummer', 'gunner', 'smoking', 'like', 'joe', 'dont', 'make', 'stutter', 'slidin', 'sittin', 'butter', 'slingshot', 'nest', 'watch', 'butterfly', 'flutter', 'screenshot', 'text', 'psych', 'dont', 'type', 'product', 'oddest', 'instead', 'making', 'problem', 'rather', 'stalk', 'afar', 'gettin', 'fact', 'dont', 'know', 'watchin', 'dead', 'cold', 'hand', 'wrapped', 'around', 'neck', 'swear', 'look', 'good', 'lifespan', 'abruptly', 'came', 'end', 'night', 'bones', 'finally', 'found', 'sesh', 'bring', 'noise', 'ask', 'bitch', 'know', 'boy', 'splurging', 'fancy', 'toy', 'hurting', 'need', 'lie', 'know', 'truth', 'hurt', 'give', 'body', 'starting', 'hurt', 'scene', 'thats', 'back', 'half', 'half', 'honored', 'slash', 'embarrassed', 'yall', 'fuckin', 'trash', 'say', 'inspired', 'dont', 'sound', 'like', 'bitch', 'rap', 'pussy', 'boy', 'need', 'fact', 'airmail', 'pad', 'sesh', 'radar', 'got', 'tracked']"
22317,Bones-and-curtis-heron,Fluoride,['Rap'],"['door', 'lie', 'drug', 'taste', 'like', 'fluoride', 'strungout', 'foldout', 'room', 'smell', 'like', 'clorox', 'get', 'numb', 'insulation', 'garage', 'snow', 'fell', 'fast', 'wa', 'opposite', 'welloff', 'eyes', 'flipping', 'back', 'head', 'get', 'brain', 'cell', 'never', 'bought', 'single', 'word', 'fuck', 'trying', 'sell', 'yall', 'wa', 'tell', 'yall', 'got', 'late', 'deed', 'wa', 'done', 'permanent', 'damage', 'wa', 'great', 'crack', 'like', 'loose', 'snap', 'cause', 'dont', 'bend', 'rather', 'friend', 'regrettable', 'moment', 'long', 'cabin', 'wood', 'fishing', 'map', 'back', 'morning', 'fresh', 'hope', 'dont', 'know', 'dont', 'know', 'sell', 'every', 'show', 'cant', 'escape', 'feeling', 'lonely', 'cant', 'escape', 'feeling', 'lonely', 'roaming', 'grid', 'focused', 'smoking', 'cauldron', 'like', 'hocus', 'pocus', 'lonely', 'lonely', 'roaming', 'grid', 'focused', 'smoking', 'cauldron', 'like', 'hocus', 'pocus', 'lonely', 'lonely', 'sesh', 'bones']"
22374,Bones-and-curtis-heron,Utility,['Rap'],"['pop', 'virus', 'hiding', 'ima', 'shut', 'dollar', 'sign', 'eyelid', 'multiply', 'drug', 'see', 'sound', 'catalyst', 'adjective', 'wan', 'dead', 'let', 'put', 'ground', 'lavish', 'casket', 'bitch', 'blade', 'make', 'heart', 'aint', 'giving', 'buck', 'knife', 'ductaped', 'real', 'tree', 'camo', 'disappear', 'gore', 'aint', 'nobody', 'seen', 'like', 'home', 'alone', 'hundred', 'cargo', 'pocket', 'like', 'heading', 'war', 'used', 'break', 'door', 'grab', 'copper', 'hop', 'thang', 'swinging', 'chevrolet', 'often', 'youve', 'never', 'seen', 'poverty', 'risk', 'profit', 'like', 'every', 'day', 'friends', 'passing', 'away', 'faster', 'hen', 'hatching', 'egg', 'used', 'wakin', 'smell', 'twostroke', 'good', 'morning', 'gassed', 'soaked', 'take', 'head', 'ghosts', 'infest', 'house', 'dont', 'want', 'get', 'get', 'along', 'might', 'get', 'song', 'matter', 'fact', 'got', 'whole', 'tape', 'coming', 'never', 'lie', 'shit', 'never', 'heard', 'used', 'look', 'table', 'like', 'wait', 'turn', 'shit', 'changed', 'every', 'day', 'steady', 'learnin', 'one', 'used', 'doubt', 'fell', 'like', 'ash', 'thats', 'burning', 'blunt', 'lit', 'dark', 'black', 'shade', 'like', 'curtis', 'gave', 'much', 'life', 'others', 'feel', 'like', 'surrogate', 'cut', 'hand', 'tourniquet', 'clean', 'burn', 'furniture', 'logic', 'always', 'missing', 'bones', 'curvature', 'barely', 'walk', 'straight', 'let', 'alone', 'think', 'hundred', 'swimming', 'lesson', 'still', 'make', 'sure', 'sink', 'battleship', 'rocket', 'team', 'thats', 'dangerous', 'look', 'creature', 'endangered', 'rare', 'like', 'angle', 'dont', 'look', 'angry', 'fuck', 'world', 'say', 'fuck', 'pay', 'difference', 'call', 'intermission', 'ill', 'week', 'make', 'sure', 'tip', 'waitress', 'bones', 'sesh', 'wait']"
