,primary_artist,title,tags,lyrics
10882,Boy-froot-and-lil-peep,The Day I Finally Do It,"['Indie', 'Emo Rap', 'Emo', 'East Coast', 'Alternative', 'Cloud Rap', 'Rap']","['todays', 'day', 'end', 'watch', 'sun', 'rise', 'fall', 'put', 'gun', 'getting', 'call', 'become', 'girl', 'feel', 'small', 'todays', 'day', 'end', 'watch', 'sun', 'rise', 'fall', 'put', 'gun', 'getting', 'call', 'become', 'feel', 'small', 'feel', 'small', 'want', 'end', 'lately', 'ive', 'feelin', 'like', 'somebody', 'else', 'aint', 'savin', 'bitch', 'cant', 'save', 'gone', 'xans', 'right', 'need', 'help', 'goin', 'hell', 'dont', 'fear', 'nothin', 'god', 'god', 'dont', 'exist', 'dont', 'play', 'nothin', 'cod', 'dont', 'play', 'keepin', 'real', 'thats', 'job', 'vip', 'got', 'girl', 'blow', 'boy', 'froot', 'lil', 'peep', 'takin', 'takin', 'slow', 'zone', 'took', 'couple', 'pill', 'woke', 'stoned', 'glowed', 'thinkin', 'bout', 'dope', 'bros', 'blow', 'ima', 'put', 'shotty', 'dome', 'turn', 'song', 'todays', 'day', 'end', 'watch', 'sun', 'rise', 'fall', 'put', 'gun', 'getting', 'call', 'become', 'feel', 'small']"
10893,Boy-froot-and-lil-peep,Goth Queen,"['Emo Rap', 'East Coast', 'Trap', 'Emo', 'Cloud Rap', 'Rap']","['goth', 'boi', 'cuttin', 'bok', 'choy', 'workin', 'produce', 'fuck', 'know', 'dude', 'little', 'goth', 'boi', 'smokin', 'goth', 'thrax', 'aint', 'got', 'dry', 'bud', 'got', 'wax', 'dab', 'bitch', 'dab', 'feelin', 'sad', 'smoke', 'whole', 'sack', 'bitch', 'whole', 'team', 'always', 'glowing', 'dont', 'give', 'fuck', 'bout', 'cause', 'dont', 'know', 'dont', 'know', 'dont', 'know', 'dont', 'know', 'dont', 'know', 'bitch', 'dont', 'know', 'aint', 'pickin', 'get', 'call', 'flipped', 'quarter', 'bag', 'blew', 'mall', 'aint', 'worried', 'bout', 'fuck', 'got', 'say', 'keep', 'drug', 'shelf', 'wasnt', 'plug', 'wouldnt', 'belt', 'yeah', 'need', 'help', 'yeah', 'goin', 'hell', 'ex', 'dead', 'basement', 'smell', 'need', 'goth', 'queen', 'tonight', 'wan', 'fuck', 'candle', 'light', 'aint', 'rockin', 'trues', 'like', 'jean', 'real', 'tight', 'like', 'pussy', 'food', 'teriyaki', 'white', 'rice', 'lil', 'bitch', 'need', 'goth', 'queen', 'tonight', 'wan', 'fuck', 'candle', 'light', 'aint', 'rockin', 'trues', 'like', 'jean', 'real', 'tight', 'like', 'pussy', 'food', 'teriyaki', 'white', 'rice', 'lil', 'bitch']"
10920,Boy-froot-and-lil-peep,Thinking Bout You,"['Alternative Rock', 'East Coast', 'Emo Rap', 'Emo', 'Indie Pop', 'Indie', 'Trap', 'Cloud Rap', 'Alternative', 'Rap']","['ima', 'take', 'last', 'breath', 'room', 'pills', 'got', 'real', 'high', 'like', 'moon', 'workin', 'hard', 'ima', 'blow', 'real', 'soon', 'ima', 'smoke', 'strong', 'thinkin', 'bout', 'always', 'dream', 'every', 'time', 'sleep', 'see', 'right', 'intention', 'shown', 'girl', 'one', 'day', 'glow', 'every', 'little', 'single', 'thing', 'saidll', 'known', 'always', 'tell', 'somethins', 'mind', 'goin', 'hell', 'least', 'got', 'time', 'look', 'forward', 'seein', 'draw', 'back', 'curtains', 'blind', 'know', 'hurtin', 'girl', 'mine', 'wan', 'give', 'wan', 'give', 'body', 'asphalt', 'careful', 'ask', 'think', 'asshole', 'end', 'life', 'though', 'shell', 'like', 'wan', 'grab', 'knife', 'friend', 'sacrifice', 'whole', 'life', 'tonight', 'lonely', 'man']"
10943,Boy-froot-and-lil-peep,Turnin Up in the Back,"['Indie', 'Emo', 'Emo Rap', 'Alternative', 'East Coast', 'Trap', 'Cloud Rap', 'Rap']","['glo', 'gang', 'tatted', 'hand', 'think', 'man', 'stickin', 'plan', 'whats', 'boy', 'froot', 'fuck', 'fuckin', 'fuckin', 'bitch', 'pill', 'nah', 'dont', 'wan', 'chill', 'turnin', 'music', 'smokin', 'wheel', 'tell', 'feel', 'dont', 'need', 'deal', 'got', 'matte', 'black', 'nail', 'got', 'lot', 'sex', 'appeal', 'pothead', 'bitch', 'yeah', 'smoke', 'zip', 'gram', 'blunts', 'leave', 'gram', 'clip', 'dont', 'give', 'shit', 'money', 'aint', 'thing', 'moneys', 'make', 'could', 'make', 'rain', 'brick', 'squad', 'chain', 'free', 'gucci', 'mane', 'sniffin', 'cocaine', 'pain', 'brain', 'money', 'migraine', 'fuck', 'rap', 'game', 'ima', 'make', 'lane', 'make', 'name', 'bitch', 'turnin', 'bitch', 'turnin', 'back', 'club', 'bitch', 'turnin', 'bitch', 'know', 'turnin', 'bitch', 'turnin', 'back', 'club', 'bitch', 'turnin', 'bitch', 'know', 'turnin', 'angels', 'sky', 'watch', 'fly', 'right', 'waste', 'time', 'worry', 'youre', 'gon', 'die', 'gucci', 'team', 'goth', 'girl', 'dream', 'shes', 'wearin', 'tommy', 'jean', 'shes', 'always', 'bitch', 'zone', 'please', 'dont', 'trip', 'phone', 'ill', 'take', 'shawty', 'home', 'party', 'gone', 'cause', 'tonight', 'turnin', 'bitch', 'turnin', 'back', 'club', 'back', 'club', 'cause', 'tonight', 'turnin', 'bitch', 'turnin', 'back', 'club', 'back', 'club', 'cause', 'tonight', 'turnin', 'bitch', 'turnin', 'back', 'club', 'back', 'club', 'cause', 'tonight', 'turnin', 'bitch', 'turnin', 'back', 'club', 'back', 'club', 'cause', 'tonight', 'turnin', 'bitch', 'turnin', 'back', 'club', 'said', 'bitch', 'turnin', 'back', 'club', 'said', 'bitch', 'turnin', 'back', 'club']"
10944,Boy-froot-and-lil-peep,In Dis Empty Club,"['Emo Rap', 'East Coast', 'Emo', 'Trap', 'Cloud Rap', 'Rap']","['club', 'emptied', 'one', 'left', 'talk', 'know', 'think', 'try', 'tell', 'alone', 'deep', 'inside', 'know', 'wrong', 'let', 'slip', 'away', 'club', 'emptied', 'one', 'left', 'talk', 'know', 'think', 'bigbig', 'money', 'need', 'wanted', 'wa', 'big', 'money', 'gave', 'everything', 'want', 'talkin', 'crib', 'money', 'buy', 'ghost', 'hunter', 'always', 'feel', 'like', 'someone', 'watchin', 'ripriprippin', 'beat', 'heart', 'cold', 'mind', 'heat', 'knees', 'weak', 'every', 'time', 'speak', 'lil', 'peep', 'bitch', 'work', 'never', 'free', 'dont', 'never', 'leave', 'come', 'club', 'emptied', 'one', 'left', 'talk', 'know', 'think', 'pull', 'foreign', 'hit', 'street', 'angel', 'wing', 'soarin', 'froot', 'lil', 'peep', 'bitch', 'finna', 'glow', 'team', 'diamonds', 'gold', 'chain', 'glistening', 'shinin', 'stunnin', 'gucci', 'shade', 'bitch', '300', 'yeah', 'glo', 'gang', 'guess', 'could', 'call', 'goth', 'guccimane', 'smokin', 'thrax', 'bitch', 'gettin', 'paid', 'club', 'emptied', 'one', 'left', 'talk', 'know', 'think']"
