,primary_artist,title,tags,lyrics
17219,Capo-gbe,Hate Me,['Rap'],"['know', 'nigga', 'hate', 'know', 'nigga', 'hate', 'know', 'nigga', 'hate', 'know', 'nigga', 'hate', 'see', 'look', 'behind', 'back', 'boy', 'hate', 'cause', 'aint', 'nothin', 'cause', 'glo', 'boy', 'bitch', 'left', 'chose', 'know', 'nigga', 'hate', 'nothing', 'matter', 'fact', 'know', 'hate', 'cause', 'got', 'work', 'play', 'lazy', 'got', 'grind', 'bitch', 'gots', 'get', 'mine', 'boy', 'grind', 'boy', 'shine', 'lot', 'nigga', 'ear', 'tell', 'shit', 'get', 'back', 'bro', 'nem', 'trying', 'hear', 'boy', 'playing', 'lot', 'nigga', 'playing', 'around', 'aint', 'saying', 'shit', 'hating', 'man', 'waiting', 'smile', 'face', 'boy', 'shit', 'seeing', 'sneak', 'dissing', 'hating', 'shit', 'smoking', 'kush', 'pack', 'swear', 'last', 'year', 'shit', 'look', 'pull', 'forward', 'take', 'look', 'back', 'posted', 'oblock', 'front', 'street', '300', 'aint', 'got', 'took', 'know', 'nigga', 'hate', 'cause', 'fuck', 'nigga', 'verse', 'got', 'pay', 'nigga', 'trying', 'cause', 'boy', 'life', 'movie', 'sixty', 'grand', 'robins', 'nigga', 'talking', 'money', 'talking', 'nonsense', 'fuck', 'boy', 'know', 'rocking', 'almighty', 'got', 'much', 'money', 'confidence']"
17294,Capo-gbe,Swag School,"['Drill', 'Rap']","['way', 'rap', 'man', 'knew', 'swag', 'say', 'aint', 'calling', 'back', 'glad', 'got', 'maisons', 'trues', 'match', 'dont', 'watch', 'tag', 'dont', 'matter', 'clerk', 'give', 'biggest', 'flexer', 'dad', 'ima', 'teach', 'nigga', 'flex', 'swag', 'swag', 'school', 'gone', 'teach', 'nigga', 'pas', 'aston', 'shantis', 'ima', 'teach', 'drive', 'getting', 'money', 'got', 'lot', 'nigga', 'mad', 'though', 'cash', 'sad', 'cuz', 'cash', 'low', 'aint', 'talking', 'tpain', 'fifty', 'cash', 'flow', 'flexing', 'like', 'george', 'griselda', 'blanco', 'ima', 'asshole', 'ding', 'ding', 'bitch', 'engine', 'shit', 'old', 'put', 'bag', 'gas', 'tnt', 'tmt', 'got', 'cash', 'though', 'flex', 'blood', 'bitch', 'chain', 'little', 'girl', 'thought', 'aint', 'put', 'ring', 'get', 'girl', 'get', 'slang', 'party', 'pistol', 'like', 'jro', 'nigga', 'play', 'boy', 'gone', 'put', 'way', 'rap', 'man', 'knew', 'swag', 'say', 'aint', 'calling', 'back', 'glad', 'got', 'maisons', 'trues', 'match', 'dont', 'watch', 'tag', 'dont', 'matter', 'clerk', 'give', 'biggest', 'flexer', 'dad', 'ima', 'teach', 'nigga', 'flex', 'swag', 'swag', 'school', 'gone', 'teach', 'nigga', 'pas', 'aston', 'shantis', 'ima', 'teach', 'drive']"
17305,Capo-gbe,Glo Gang Mafia,['Rap'],"['used', 'nigga', 'boy', 'happen', 'try', 'chief', 'sosa', 'something', 'bad', 'gone', 'happen', 'niggas', 'like', 'rapper', 'imma', 'trapper', 'ima', 'laugh', 'like', 'haha', 'haha', 'yous', 'real', 'nigga', 'imposter', 'gwopped', 'dont', 'get', 'gwop', 'one', 'car', 'try', 'take', 'gwop', 'gone', 'meet', 'glo', 'gang', 'mafia', 'used', 'nigga', 'boy', 'happen', 'try', 'glo', 'gang', 'something', 'bad', 'gone', 'happen', 'niggas', 'like', 'imma', 'rapper', 'imma', 'savage', 'imma', 'laugh', 'like', 'haha', 'haha', 'yous', 'real', 'nigga', 'imposter', 'gwopped', 'homies', 'want', 'verse', 'gone', 'charge', 'dont', 'fuck', 'nigga', 'glo', 'gang', 'mafia', 'used', 'nigga', 'happen', 'aint', 'pas', 'see', 'puttin', 'rachet', 'send', 'shooter', 'shot', 'gone', 'hand', 'news', 'momma', 'cry', 'something', 'happened', 'used', 'nigga', 'boy', 'happen', 'try', 'chief', 'sosa', 'something', 'bad', 'gone', 'happen', 'niggas', 'like', 'rapper', 'imma', 'trapper', 'ima', 'laugh', 'like', 'haha', 'haha', 'yous', 'real', 'nigga', 'imposter', 'gwopped', 'dont', 'get', 'gwop', 'one', 'car', 'try', 'take', 'gwop', 'gone', 'meet', 'glo', 'gang', 'mafia', 'used', 'nigga', 'boy', 'happen', 'try', 'glo', 'gang', 'something', 'bad', 'gone', 'happen', 'niggas', 'like', 'imma', 'rapper', 'imma', 'savage', 'catch', 'street', 'ims', 'gone', 'blam', 'nigga', 'aint', 'gettin', 'clout', 'got', 'attitude', 'aint', 'thing', 'capo', 'mad', 'nigga', 'aint', 'gettin', 'gwop', 'cause', 'gettin', 'money', 'thats', 'standing', 'block', 'ridin', 'block', 'catch', 'fuck', 'nigga', 'somebody', 'gettin', 'shot', 'gone', 'nigga', 'ride', 'please', 'tell', 'one', 'make', 'mind', 'imma', 'send', 'shot', 'used', 'nigga', 'boy', 'happen', 'try', 'chief', 'sosa', 'something', 'bad', 'gone', 'happen', 'niggas', 'like', 'rapper', 'imma', 'trapper', 'ima', 'laugh', 'like', 'haha', 'haha', 'yous', 'real', 'nigga', 'imposter', 'gwopped', 'dont', 'get', 'gwop', 'one', 'car', 'try', 'take', 'gwop', 'gone', 'meet', 'glo', 'gang', 'mafia']"
17509,Capo-gbe,Now,"['Drill', 'Rap']","['ball', 'walk', 'mall', 'buy', 'mall', 'know', 'see', 'ballin', 'bitch', 'dont', 'call', 'hit', 'morning', 'fuckin', 'around', 'girl', 'kind', 'bad', 'girl', 'let', 'fuck', 'around', 'know', 'want', 'bad', 'ima', 'dick', 'got', 'money', 'bitch', 'got', 'car', 'jewelry', 'drove', 'raris', 'bentleys', 'show', 'chargin', 'verse', 'chargin', 'broke', 'better', 'come', 'get', 'blow', 'know', 'posted', 'block', '30', 'bitch', 'blowin', 'nigga', 'mad', 'cause', 'chief', 'sosa', 'glowin', 'aint', 'gone', 'matter', 'high', 'forest', 'smoking', 'dope', 'got', 'higher', 'solar', 'sosa', 'money', 'fallin', 'aint', 'even', 'know', 'dont', 'wan', 'fuck', 'bitch', 'dick', 'order', 'know', 'hate', 'bein', 'sober', 'remember', 'used', 'call', 'ride', 'walkin', 'ferrari', 'nasty', 'bitch', 'backseat', 'chauffeur', 'remember', 'jewelry', 'always', 'flexin', 'jews', 'wan', 'sue', 'come', 'bottom', 'top', 'around', 'city', 'headed', 'around', 'pull', 'block', 'glock', 'bababa', 'fed', 'cause', 'hot', 'hot', 'hot', 'fuck', 'yesterday', 'talkin', 'bout', 'pull', 'block', 'skrrt', 'boom', 'boom', 'boww', 'boww', 'boww', 'pose', 'smoke', 'tote', 'blow', 'fucked', 'guy', 'get', 'mad', 'holdin', 'wasnt', 'mad', 'back', 'mad', 'emotion', 'want', 'hold', 'something', 'got', 'cant', 'hold', 'got', 'money', 'bitch', 'got', 'car', 'jewelry']"
