,primary_artist,title,tags,lyrics
6078,Cashmere-cat,Europa Pools (Demo),"['Demo', 'Unreleased', 'Rap']","['2am', 'howlin', 'outside', 'lookin', 'find', 'dont', 'fall', 'asleep', 'time', 'long', 'way', 'drive', 'stand', 'mind', 'fix', 'inside', 'make', 'tonight', 'lets', 'make', 'badass', 'time', 'home', 'wont', 'last', 'long', 'hardest', 'love', 'youre', 'gone', 'home', 'wont', 'last', 'long', 'hardest', 'love', 'youre', 'gone', 'tell', 'everythings', 'baby', 'look', 'never', 'phase', 'keep', 'running', 'back', 'last', 'time', 'hazy', 'welcoming', 'eye', 'safety', 'tell', 'everything', 'gave', 'till', 'swooning', 'blanket', 'star', 'take', 'way', 'keep', 'running', 'back', 'last', 'day', 'look', 'eye', 'never', 'phase']"
8690,Cashmere-cat,Quit,"['Electronic', 'Pop']","['say', 'devil', 'know', 'dont', 'disagree', 'dont', 'see', 'harm', 'say', 'crazy', 'leave', 'hell', 'suffocate', 'wan', 'arm', 'say', 'dont', 'pick', 'phone', 'let', 'think', 'nobody', 'home', 'spell', 'cause', 'call', 'heart', 'start', 'roll', 'always', 'want', 'heaven', 'hell', 'heading', 'deep', 'inside', 'life', 'voice', 'voice', 'quiet', 'cant', 'hear', 'voice', 'heart', 'beat', 'next', 'mine', 'cant', 'quit', 'cant', 'quit', 'cant', 'quit', 'cant', 'quit', 'yeah', 'gon', 'regret', 'yeah', 'gon', 'regret', 'yeah', 'gon', 'regret', 'know', 'gon', 'regret', 'said', 'baby', 'want', 'lay', 'well', 'fuck', 'pain', 'away', 'cause', 'skin', 'skin', 'feel', 'nothing', 'burning', 'desire', 'thats', 'foreplay', 'heading', 'deep', 'inside', 'life', 'voice', 'voice', 'quiet', 'cant', 'hear', 'voice', 'heart', 'beat', 'next', 'mine', 'cant', 'quit', 'cant', 'quit', 'cant', 'quit', 'cant', 'quit', 'yeah', 'gon', 'regret', 'yeah', 'gon', 'regret', 'yeah', 'gon', 'regret', 'know', 'gon', 'regret', 'cant', 'quit', 'cant', 'quit', 'baby', 'yeah', 'cant', 'quit', 'cant', 'quit', 'babe', 'gon', 'regret', 'yeah', 'gon', 'regret', 'yeah', 'gon', 'regret', 'yeah', 'gon', 'regret', 'gon', 'regret', 'yeah', 'gon', 'regret', 'yeah', 'gon', 'regret']"
8708,Cashmere-cat,Adore,"['R&B', 'Electronic', 'Pop']","['boy', 'whats', 'mind', 'time', 'dont', 'need', 'nowhere', 'tonight', 'well', 'alright', 'cause', 'get', 'take', 'time', 'youre', 'finer', 'wine', 'dont', 'need', 'nowhere', 'tonight', 'well', 'alright', 'ill', 'give', 'everything', 'ill', 'give', 'everything', 'dont', 'owe', 'anything', 'youre', 'ready', 'baby', 'got', 'screaming', 'mama', 'got', 'screaming', 'mama', 'like', 'love', 'like', 'yeah', 'yeah', 'cause', 'youre', 'adore', 'babe', 'catch', 'breath', 'look', 'say', 'love', 'real', 'dont', 'pretend', 'youre', 'friend', 'boy', 'ill', 'give', 'everything', 'ill', 'give', 'everything', 'dont', 'owe', 'anything', 'youre', 'ready', 'baby', 'got', 'screaming', 'mama', 'got', 'screaming', 'mama', 'like', 'love', 'like', 'yeah', 'yeah', 'cause', 'youre', 'adore', 'babe', 'dont', 'pretend', 'youre', 'friend', 'dont', 'pretend', 'youre', 'friend', 'dont', 'pretend', 'youre', 'friend', 'dont', 'pretend', 'youre', 'friend', 'boy', 'got', 'screaming', 'mama', 'got', 'screaming', 'mama', 'like', 'love', 'like', 'yeah', 'yeah', 'cause', 'youre', 'adore', 'babe']"
15571,Cashmere-cat,Night Night,"['Electronic', 'Pop']","['damn', 'night', 'damn', 'night', 'damn', 'night', 'damn', 'damn', 'night']"
21934,Cashmere-cat,Love Incredible,"['Electronic', 'Pop']","['forgot', 'feeling', 'feeling', 'alone', 'lonely', 'guess', 'touch', 'fear', 'secret', 'belong', 'close', 'door', 'behind', 'let', 'love', 'know', 'hold', 'mind', 'stay', 'doe', 'body', 'let', 'show', 'wan', 'come', 'wan', 'need', 'could', 'muse', 'lately', 'think', 'never', 'sick', 'love', 'incrediblecredible', 'little', 'mercy', 'baby', 'got', 'wanting', 'wanting', 'love', 'incrediblecredible', 'little', 'mercy', 'baby', 'got', 'wanting', 'wanting', 'love', 'know', 'youve', 'hurt', 'way', 'look', 'away', 'early', 'ahhahh', 'dont', 'like', 'talk', 'thats', 'fine', 'get', 'dont', 'worry', 'wan', 'come', 'wan', 'need', 'could', 'muse', 'lately', 'think', 'never', 'sick', 'love', 'incrediblecredible', 'little', 'mercy', 'baby', 'got', 'wanting', 'wanting', 'love', 'incrediblecredible', 'little', 'mercy', 'baby', 'got', 'wanting', 'wanting', 'love', 'wanting', 'wanting', 'love', 'wanting', 'wanting', 'love', 'love', 'wanting', 'wanting', 'love', 'incredible', 'love', 'love', 'love', 'incredible', 'love', 'love', 'love']"
25637,Cashmere-cat,Infinite Stripes,"['R&B', 'Pop']","['hey', 'baby', 'favor', 'wont', 'come', 'back', 'home', 'sorry', 'thing', 'aint', 'working', 'nigga', 'girl', 'tired', 'talking', 'nigga', 'think', 'ive', 'thinkin', 'loud', 'bout', 'nigga', 'need', 'stay', 'aint', 'making', 'plan', 'know', 'still', 'lay', 'know', 'sick', 'playin', 'know', 'sick', 'playin', 'need', 'stay', 'know', 'still', 'lay', 'sick', 'playin', 'sick', 'playin', 'girl', 'tired', 'talkin', 'know', 'nigga', 'sorry', 'thing', 'aint', 'working', 'nigga', 'sorry', 'thing', 'aint', 'working', 'nigga', 'keep', 'asking', 'nigga', 'thought', 'wa', 'love', 'iont', 'wan', 'know', 'pullin', 'telling', 'goin', 'figure', 'shouldve', 'stayed', 'real', 'one', 'say', 'fucked', 'tough', 'love', 'feel', 'call', 'line', 'late', 'night', 'tryna', 'visit', 'ahh', 'baby', 'finished', 'make', 'mind', 'make', 'bed', 'got', 'lay', 'aint', 'got', 'time', 'play', 'around', 'keep', 'playin', 'treat', 'script', 'like', 'brick', 'make', 'flip', 'use', 'drip', 'baby', 'ooh', 'sorry', 'thing', 'aint', 'working', 'nigga', 'girl', 'tired', 'talking', 'nigga', 'dont', 'give', 'fuck', 'gon', 'nigga', 'baby', 'nigga', 'sorry', 'thing', 'aint', 'working', 'nigga', 'girl', 'tired', 'talking', 'nigga', 'think', 'ive', 'thinkin', 'loud', 'bout', 'nigga', 'need', 'stay', 'aint', 'making', 'plan', 'know', 'still', 'lay', 'know', 'sick', 'playin', 'know', 'sick', 'playin', 'need', 'stay', 'know', 'still', 'lay', 'sick', 'playin', 'sick', 'playin', 'girl', 'tired', 'talkin', 'know', 'nigga', 'sorry', 'thing', 'aint', 'working']"
